Index,year,month,day,season,holiday,workingday,meanatemp,maxatemp,minatemp,sdatemp,meanhumidity,maxhumidity,minhumidity,sdhumidity,meanwindspeed,maxwindspeed,minwindspeed,sdwindspeed,Casual,Registered,Total
1,1,1,1,1,0,0,18.18125,22.725,12.88,3.750745795,80.58333333,94,72,5.904432135,10.74987083,19.9995,0,8.984065338,336,691,1027
2,1,1,2,1,0,0,17.68695652,22.725,10.605,3.708013968,69.60869565,100,39,18.77314119,16.65212174,30.0026,8.9981,5.087279256,131,693,824
3,1,1,3,1,0,1,9.470227273,12.88,5.305,2.380840426,43.72727273,69,30,10.68234778,16.63670909,27.9993,0,7.550604842,128,1238,1366
4,1,1,4,1,0,1,10.60608696,14.395,6.82,2.574481394,59.04347826,74,48,8.977133886,10.7398087,22.0028,0,5.344102937,118,1471,1589
5,1,1,5,1,0,1,11.46347826,15.91,9.09,1.845935606,43.69565217,74,28,13.2268143,12.5223,22.0028,0,6.694014836,89,1526,1615
6,1,1,6,1,0,1,11.66043478,14.395,8.335,1.561363705,51.82608696,69,35,10.43443675,6.000869565,19.0012,0,5.776430349,88,1558,1646
7,1,1,7,1,0,1,10.44195652,13.635,9.09,1.185692873,49.86956522,69,37,12.50928509,11.30464783,22.0028,0,6.269810916,149,1373,1522
8,1,1,8,1,0,0,8.112708333,12.12,3.03,2.08927696,53.58333333,93,29,19.56686789,17.87587917,36.9974,0,10.13914316,68,926,994
9,1,1,9,1,0,0,5.80875,9.85,3.03,1.904497109,43.41666667,53,32,6.28951278,24.25065,35.0008,12.998,7.061355567,57,785,842
10,1,1,10,1,0,1,7.544375,11.365,5.305,1.794196146,48.29166667,59,40,6.334715715,14.95886667,19.9995,7.0015,3.895312924,49,1281,1330
11,1,1,11,1,0,1,9.573181818,11.365,7.575,1.413946306,68.63636364,93,47,18.03315849,8.182831818,15.0013,0,3.983215345,45,1251,1296
12,1,1,12,1,0,1,8.023636364,9.85,5.305,1.251444101,59.95454545,93,44,16.41566404,20.41002727,39.0007,6.0032,9.455113491,31,1146,1177
13,1,1,13,1,0,1,7.544166667,10.605,6.06,1.571526305,47.04166667,59,38,5.417196184,20.167,30.0026,8.9981,5.708997279,43,1407,1450
14,1,1,14,1,0,1,9.420652174,12.88,6.06,2.281991407,53.7826087,74,37,10.76170197,8.478704348,26.0027,0,7.347838371,57,1380,1437
15,1,1,15,1,0,0,12.405625,16.665,7.575,2.715546351,49.875,64,34,10.69868948,10.5834875,19.9995,0,7.002334645,232,1039,1271
16,1,1,16,1,0,0,11.71083333,15.15,9.85,1.547193579,48.375,69,35,8.825912935,12.62503333,19.9995,0,5.8291817,256,972,1228
17,1,1,17,1,1,0,8.838541667,10.605,6.06,1.296425252,53.75,93,43,14.93827881,12.99911667,19.0012,7.0015,3.120680388,119,903,1022
18,1,1,18,1,0,1,11.61666667,13.635,9.09,1.344411553,86.16666667,93,80,4.98786406,9.833925,22.0028,0,6.147452308,11,674,685
19,1,1,19,1,0,1,14.92108696,20.455,11.365,2.892782538,74.17391304,93,49,18.84301697,13.95726522,31.0009,0,8.834015575,82,1593,1675
20,1,2,1,1,0,1,11.72652174,14.395,9.09,1.387339208,82.95652174,93,64,9.373455077,3.565273913,12.998,0,4.367201881,49,1348,1397
21,1,2,2,1,0,1,12.72083333,19.695,8.335,2.996279456,77.54166667,100,42,21.52446367,17.70865833,36.9974,0,10.62965944,78,1478,1556
22,1,2,3,1,0,1,8.893913043,12.88,6.06,1.913927991,43.7826087,55,37,5.008688104,18.60939565,35.0008,0,9.114112286,67,1500,1567
23,1,2,4,1,0,1,11.42934783,14.395,7.575,2.003077351,58.52173913,80,42,10.10341781,8.565221739,16.9979,0,4.727412864,88,1644,1732
24,1,2,5,1,0,0,12.15291667,14.395,10.605,1.010732533,92.91666667,100,65,10.70114446,10.79230417,30.0026,0,7.587371643,103,910,1013
25,1,2,6,1,0,0,14.58354167,18.18,11.365,2.133319764,56.83333333,70,46,7.458095495,9.5006,27.9993,0,8.080818575,358,1295,1653
26,1,2,7,1,0,1,15.18291667,19.695,11.365,2.389735258,73.83333333,100,54,12.31000536,3.042358333,11.0014,0,3.839462165,122,1630,1752
27,1,2,8,1,0,1,9.912291667,15.91,5.305,2.979509363,53.79166667,93,32,23.20603214,24.25065,39.0007,0,10.98267228,74,1473,1547
28,1,2,9,1,0,1,7.214130435,9.85,3.79,1.90862138,49.47826087,86,34,18.91336604,12.65222174,23.9994,0,6.657580106,53,1585,1638
29,1,2,10,1,0,1,7.477391304,10.605,3.79,1.900936892,43.73913043,86,25,18.0055986,14.86963043,27.9993,0,7.939093571,49,1509,1558
30,1,2,11,1,0,1,10.67545455,16.665,6.06,3.613420721,50.63636364,74,21,18.01466454,7.27285,16.9979,0,5.417060541,159,1621,1780
31,1,2,12,1,0,0,11.64770833,15.91,6.82,2.779127162,54.41666667,93,28,22.14559857,13.62556667,35.0008,0,10.73709352,291,1223,1514
32,1,2,13,1,0,0,16.20565217,21.21,10.605,4.403648617,45.73913043,75,28,16.53705864,17.47913478,31.0009,0,8.553849654,401,1230,1631
33,1,2,14,1,0,1,19.9175,29.545,14.395,4.704673902,37.58333333,53,15,11.23239363,27.99985833,43.9989,15.0013,8.987187672,216,1743,1959
34,1,2,15,1,0,1,12.71369565,16.665,9.09,2.573764583,31.43478261,52,19,9.971897271,19.52205217,51.9987,0,13.19743377,142,1704,1846
35,1,2,16,1,0,1,15.81,22.725,9.85,5.061568433,42.34782609,55,28,9.5945472,16.87001739,27.9993,6.0032,6.355443214,224,1933,2157
36,1,2,17,1,0,1,21.43291667,31.06,15.15,4.968273455,50.5,70,28,11.85051824,15.41697917,26.0027,6.0032,5.157838995,265,2242,2507
37,1,2,18,1,0,1,25.59916667,31.06,21.21,4.197350009,51.66666667,77,8,22.99464336,17.749975,39.0007,7.0015,6.961123014,581,2365,2946
38,1,2,19,1,0,0,19.57020833,23.485,12.12,3.465505007,18.79166667,33,12,5.867961402,33.9999875,50.0021,19.9995,8.010334868,539,1139,1678
39,1,3,1,1,0,1,13.19395833,18.18,9.09,3.158717743,53.5,70,34,12.85369174,14.500475,31.0009,0,9.245576807,146,1716,1862
40,1,3,2,1,0,1,16.00354167,25.76,10.605,5.83972034,44.95833333,75,19,20.25592595,20.62483333,36.9974,0,9.211636463,235,1911,2146
41,1,3,3,1,0,1,10.00666667,15.15,4.545,3.038411937,31.83333333,43,21,6.976149845,15.12552917,32.9975,0,11.52012737,127,1582,1709
42,1,3,4,1,0,1,12.78395833,17.425,8.335,3.129614499,61.04166667,80,40,12.78409054,13.62417083,19.9995,6.0032,3.739353233,214,1734,1948
43,1,3,5,1,0,0,18.93895833,23.485,13.635,3.989886393,78.91666667,100,59,14.51510957,16.87534583,23.9994,7.0015,4.98130566,647,1466,2113
44,1,3,6,1,0,0,18.3126087,22.725,9.09,4.64483581,94.82608696,100,77,7.952427725,23.00022609,40.9973,15.0013,6.141479866,119,516,635
45,1,3,7,1,0,1,11.92304348,15.91,7.575,2.980142133,55.13043478,100,29,23.06572496,22.87059565,39.0007,0,8.651352283,254,1628,1882
46,1,3,8,1,0,1,15.12,19.695,9.85,3.008889005,42.08333333,69,18,15.92896368,8.08355,15.0013,0,5.055067811,317,1850,2167
47,1,3,9,1,0,1,14.33041667,16.665,12.12,1.463392364,77.54166667,93,52,10.90663606,14.75005,26.0027,6.0032,6.298860838,196,1710,1906
48,1,3,10,1,0,1,19.28340909,21.97,15.91,2.357861413,0,0,0,0,17.54577727,39.0007,6.0032,6.660128968,47,602,649
49,1,3,11,1,0,1,15.25,17.425,12.12,1.432094778,64.95652174,100,49,18.16459659,15.60896087,23.9994,6.0032,5.339878768,255,1750,2005
50,1,3,12,1,0,0,16.2875,22.725,10.605,4.29027135,59.45833333,75,41,9.431580469,14.791925,32.9975,0,8.856214266,728,1440,2168
51,1,3,13,1,0,0,19.00456522,23.485,12.88,3.245376751,52.73913043,76,38,11.36268771,18.1304913,27.9993,0,7.736565559,992,1439,2431
52,1,3,14,1,0,1,16.6,20.455,12.12,2.416119165,49.69565217,70,34,11.98269503,9.174047826,22.0028,0,6.322127635,365,1705,2070
53,1,3,15,1,0,1,15.90891304,19.695,11.365,2.339909651,65.56521739,87,43,12.79853005,12.34868261,22.0028,0,6.40714641,297,1779,2076
54,1,3,16,1,0,1,18.34652174,21.97,13.635,2.977850596,77.65217391,100,51,16.38349695,13.60886522,26.0027,0,6.051086961,329,1907,2236
55,1,3,17,1,0,1,20.51666667,25,15.15,3.213234747,60.29166667,76,42,11.37686121,14.04180417,22.0028,6.0032,4.378565051,428,2352,2780
56,1,3,18,1,0,1,26.35043478,31.82,17.425,5.248803741,52.52173913,71,37,11.07359499,15.47816522,23.9994,7.0015,4.75682141,887,2384,3271
57,1,3,19,1,0,0,23.32625,31.06,19.695,2.624459468,37.91666667,53,29,6.613008699,24.66716667,32.9975,15.0013,5.410069548,1427,1695,3122
58,1,4,1,2,0,1,14.17270833,16.665,11.365,1.834262664,68.625,100,46,21.03787991,17.33345833,27.9993,0,7.178708268,308,1922,2230
59,1,4,2,2,0,0,15.781875,20.455,12.12,2.514358252,65.375,81,47,9.481389093,13.20877083,26.0027,0,6.833563024,903,1373,2276
60,1,4,3,2,0,0,18.93833333,22.725,13.635,3.489222433,48,70,28,13.7366536,12.2082375,32.9975,0,7.955745982,1659,1626,3285
61,1,4,4,2,0,1,27.14645833,33.335,19.695,5.503202522,42.625,71,22,16.10782284,25.83324583,40.9973,15.0013,7.843985565,740,2410,3150
62,1,4,5,2,0,1,19.9175,31.06,14.395,5.106378151,64.20833333,94,38,18.89094369,26.00046667,39.0007,7.0015,7.020928597,175,1629,1804
63,1,4,6,2,0,1,19.38041667,25.76,12.12,5.004736217,47.08333333,70,28,14.37968575,17.6251875,32.9975,7.0015,8.297951161,420,2417,2837
64,1,4,7,2,0,1,21.68479167,31.06,15.15,4.166288485,60.29166667,81,35,13.82649997,10.8749375,19.9995,0,6.549156257,579,2575,3154
65,1,4,8,2,0,1,16.22395833,20.455,13.635,1.729177348,83.625,93,62,9.472213368,15.20844167,27.9993,0,5.823621754,175,1327,1502
66,1,4,9,2,0,0,17.07645833,19.695,13.635,2.14202387,87.75,100,81,5.840265033,8.916583333,16.9979,0,5.165786585,881,1609,2490
67,1,4,10,2,0,0,21.336875,25,18.18,2.32884876,85.75,100,72,7.842193571,9.833366667,23.9994,0,4.823378376,1192,1728,2920
68,1,4,11,2,0,1,28.26086957,33.335,22.725,4.265089963,71.69565217,100,48,18.64363109,21.73975217,35.0008,0,8.572160254,855,2519,3374
69,1,4,12,2,0,1,24.65270833,31.06,20.455,3.198758244,73.91666667,94,50,13.22355167,18.41690417,35.0008,6.0032,8.324681096,264,1816,2080
70,1,4,13,2,0,1,20.86416667,22.725,17.425,1.181475373,81.91666667,100,62,14.07407937,16.79131667,26.0027,8.9981,3.989851855,219,1978,2197
71,1,4,14,2,0,1,23.13708333,31.06,16.665,4.291834997,54.04166667,81,26,18.4755518,7.4169,15.0013,0,4.661497903,538,2759,3297
72,1,4,15,2,1,0,22.095625,25.76,17.425,2.621608912,67.125,82,52,11.30337579,15.167125,32.9975,0,10.02921594,646,2511,3157
73,1,4,16,2,0,0,21.27458333,25,16.665,2.632533875,88.83333333,100,77,5.975796594,22.83415833,39.0007,0,11.41593578,128,690,818
74,1,4,17,2,0,0,22.28479167,26.515,15.91,3.20587656,47.95833333,77,30,16.31611411,20.33422083,35.0008,7.0015,8.323930932,1563,2202,3765
75,1,4,18,2,0,1,25.15729167,31.06,20.455,3.482673567,54.25,87,31,13.96968768,10.95896667,23.9994,0,6.968179449,670,2799,3469
76,1,4,19,2,0,1,24.46291667,26.515,22.725,1.274540767,66.58333333,88,52,7.534942755,10.58404583,19.9995,0,5.290463377,412,2811,3223
77,1,5,1,2,0,0,22.41020833,24.24,20.455,1.300467708,76.20833333,84,63,6.50069673,7.125729167,16.9979,0,4.336251171,1146,2220,3366
78,1,5,2,2,0,1,26.64166667,31.06,21.97,3.776437148,73,88,61,6.646345841,12.29142917,22.0028,0,4.750692969,851,3568,4419
79,1,5,3,2,0,1,29.10395833,33.335,25,3.062150771,69.70833333,94,48,13.53732093,22.95866667,40.9973,8.9981,8.259264831,610,3867,4477
80,1,5,4,2,0,1,20.2325,25,15.15,3.316901383,73.70833333,94,45,16.05284525,22.04272083,35.0008,11.0014,6.010874501,259,2388,2647
81,1,5,5,2,0,1,22.09583333,27.275,15.91,4.213092602,44.41666667,71,24,16.58683781,19.79124167,39.0007,11.0014,7.454771928,614,3851,4465
82,1,5,6,2,0,1,23.70583333,31.06,17.425,4.152935752,59,82,38,15.57869225,15.29247083,30.0026,0,8.259375024,902,3744,4646
83,1,5,7,2,0,0,25.63104167,31.06,20.455,3.58651944,54.125,82,35,17.00463492,10.75015,19.9995,0,5.406830151,1621,3109,4730
84,1,5,8,2,0,0,25.94666667,31.06,21.21,3.224268595,63.16666667,88,46,14.9685661,5.0007125,19.0012,0,5.20889403,1404,2938,4342
85,1,5,9,2,0,1,26.26229167,31.06,21.21,3.808849529,58.875,94,38,18.16665005,11.792,19.9995,0,5.436510845,666,3724,4390
86,1,5,10,2,0,1,26.13604167,31.06,20.455,3.920606924,48.91666667,67,29,12.46531419,7.749945833,16.9979,0,5.218542322,696,4119,4815
87,1,5,11,2,0,1,26.42,31.06,22.725,3.224499961,63.29166667,88,39,14.33899871,8.082991667,19.9995,0,6.134849053,555,3670,4225
88,1,5,12,2,0,1,26.168125,31.06,21.21,3.705272334,74.75,94,53,14.05037521,12.70766667,19.9995,0,4.867907568,700,4170,4870
89,1,5,13,2,0,1,24.715,25,24.24,0.37584687,86.33333333,88,83,2.3343683,12.041575,26.0027,8.9981,3.747922254,693,3426,4119
90,1,5,14,2,0,0,25.03145833,26.515,23.485,0.821608284,92.25,100,82,5.152036322,9.04165,15.0013,0,3.804427935,907,2509,3416
91,1,5,15,2,0,0,26.8,31.06,25,2.008355914,86.70833333,100,69,11.31554977,10.24960417,23.9994,0,7.478657157,1589,2991,4580
92,1,5,16,2,0,1,27.525625,33.335,24.24,2.805985959,78.79166667,100,51,16.08396222,8.500345833,19.9995,0,6.493578721,783,3195,3978
93,1,5,17,2,0,1,26.92645833,30.305,25,1.868742008,83.79166667,94,61,10.2828653,18.58272917,31.0009,0,8.667694424,681,3457,4138
94,1,5,18,2,0,1,26.35791667,29.545,25,1.531064504,87,100,69,8.25148208,13.49994167,22.0028,0,6.234600771,545,3353,3898
95,1,5,19,2,0,1,25.53708333,31.06,23.485,1.75236543,82.95833333,100,55,12.8248372,7.2502375,19.9995,0,7.182353346,741,3878,4619
96,1,6,1,2,0,1,36.04833333,41.665,29.545,3.676147755,67.70833333,89,37,17.71876717,13.87514167,26.0027,0,5.565923993,518,3464,3982
97,1,6,2,2,0,1,32.19708333,34.09,31.06,1.023631554,30.5,44,20,7.483314774,19.5832625,35.0008,0,9.122086894,745,4238,4983
98,1,6,3,2,0,1,29.35666667,31.82,25,2.645253611,35.41666667,49,24,8.697409243,16.95909583,23.9994,0,5.930664273,905,4427,5332
99,1,6,4,2,0,0,29.73479167,32.575,24.24,3.097103654,45.625,64,27,12.49282403,8.250491667,27.9993,0,6.475314915,1879,3510,5389
100,1,6,5,2,0,0,30.84020833,33.335,28.79,1.273036834,65.25,78,51,8.205247526,9.292341667,16.9979,0,4.327952392,1693,3256,4949
101,1,6,6,2,0,1,31.09291667,34.85,26.515,2.75847702,60,94,29,22.29252166,8.167020833,19.0012,0,4.468500358,676,3887,4563
102,1,6,7,2,0,1,32.7975,37.12,27.275,3.033742845,59.79166667,88,38,14.92584326,12.58315833,22.0028,6.0032,4.91587992,770,4083,4853
103,1,6,8,2,0,1,36.36395833,43.94,28.03,5.673242685,62.20833333,89,35,20.03904703,9.166716667,16.9979,0,5.113102541,686,3749,4435
104,1,6,9,2,0,1,37.87895833,43.94,33.335,3.260246716,56.83333333,84,31,19.83993922,10.04218333,22.0028,0,5.856747051,565,3377,3942
105,1,6,10,2,0,1,35.16458333,39.395,30.305,2.93710665,60.5,78,39,11.84317819,9.417129167,19.9995,0,5.555298033,816,3801,4617
106,1,6,11,2,0,0,33.901875,38.635,30.305,2.43911861,65.45833333,83,46,11.24424168,10.37495,16.9979,6.0032,3.345933253,1739,3237,4976
107,1,6,12,2,0,0,32.16625,39.395,28.03,3.670302455,74.79166667,89,46,12.84685435,10.95896667,19.9995,0,6.368719228,1471,3019,4490
108,1,6,13,2,0,1,30.08270833,31.82,25.76,2.065177105,49.45833333,78,34,13.41958065,20.45845,32.9975,0,7.325023342,873,4161,5034
109,1,6,14,2,0,1,29.57729167,31.82,25.76,2.249426487,50.70833333,68,41,6.603550867,18.04198333,27.9993,11.0014,4.805164658,731,4174,4905
110,1,6,15,2,0,1,29.38770833,33.335,23.485,3.482578998,47.16666667,68,27,14.66633728,11.2501375,23.9994,0,7.403189659,777,4432,5209
111,1,6,16,2,0,1,29.76729167,33.335,26.515,2.182866573,68.83333333,83,54,10.82937497,13.83354583,26.0027,0,6.363202392,552,3256,3808
112,1,6,17,2,0,1,30.01916667,34.85,25.76,3.289106746,73.58333333,100,40,19.53796008,9.582954167,19.0012,0,5.739459248,867,3999,4866
113,1,6,18,2,0,0,32.19770833,37.88,27.275,3.190194889,67.04166667,88,46,14.75150447,8.000358333,19.0012,0,4.934110568,1812,3329,5141
114,1,6,19,2,0,0,32.29229167,34.09,30.305,1.460772562,66.66666667,79,48,10.51982256,6.834,15.0013,0,4.3402642,1640,3124,4764
115,1,7,1,3,0,1,32.608125,34.85,30.305,1.693824982,39.625,69,17,15.51664604,6.874758333,16.9979,0,6.441969725,1254,4150,5404
116,1,7,2,3,0,0,33.36541667,37.12,27.275,2.560843066,44.45833333,73,19,15.55349581,7.7091875,19.0012,0,6.849467553,2206,2946,5152
117,1,7,3,3,0,0,33.42875,40.15,27.275,3.946850492,68.25,94,49,13.78483729,15.33350833,56.9969,0,13.70897108,2285,2382,4667
118,1,7,4,3,1,0,33.27083333,37.12,28.79,3.069710603,63.79166667,89,41,15.80858096,5.459104167,11.0014,0,3.867149569,3071,3010,6081
119,1,7,5,3,0,1,34.816875,38.635,31.06,2.619678379,59.04166667,74,43,10.60959027,8.459308333,16.9979,0,4.010333054,1034,3647,4681
120,1,7,6,3,0,1,34.28166667,37.12,31.82,1.485598011,74.33333333,83,59,6.598199139,10.04218333,19.0012,0,5.87830573,792,3877,4669
121,1,7,7,3,0,1,34.34354167,39.395,28.03,4.224607128,65.125,94,36,20.61091416,10.6664,23.9994,0,6.617530472,757,3845,4602
122,1,7,8,3,0,1,33.52416667,39.395,29.545,2.965571895,75.79166667,89,63,7.002975558,15.08365417,30.0026,0,7.993684291,701,3349,4050
123,1,7,9,3,0,0,33.20791667,37.12,28.03,3.218732844,60.91666667,89,32,20.06059661,11.2501375,19.9995,0,5.049460645,1990,3375,5365
124,1,7,10,3,0,0,34.50125,37.88,29.545,2.497595474,57.83333333,78,36,12.56519232,12.29254583,22.0028,0,6.759445948,1743,3169,4912
125,1,7,11,3,0,1,36.49020833,42.425,31.06,4.253973712,63.58333333,79,50,9.361886965,18.9166125,27.9993,8.9981,6.372504731,731,3395,4126
126,1,7,12,3,0,1,36.96375,42.425,33.335,3.021423236,55.91666667,79,42,14.44605156,13.41702917,32.9975,0,7.620449442,670,3635,4305
127,1,7,13,3,0,1,34.47020833,37.88,28.03,2.68064864,63.16666667,94,39,17.19622473,9.790933333,19.0012,0,6.064152154,756,3629,4385
128,1,7,14,3,0,1,31.75520833,33.335,30.305,0.94573468,47.625,69,33,11.13089121,16.12466667,23.9994,6.0032,4.416565011,891,4229,5120
129,1,7,15,3,0,1,31.21854167,33.335,28.79,1.430020887,59.125,78,42,11.24939612,12.24983333,16.9979,7.0015,2.937278157,1321,4251,5572
130,1,7,16,3,0,0,31.913125,34.09,27.275,2.180419691,58.5,78,43,12.6250269,13.95889167,22.0028,6.0032,4.731874875,2419,3539,5958
131,1,7,17,3,0,0,33.49166667,37.12,29.545,2.726120299,60.41666667,74,43,9.86833613,16.41723333,26.0027,8.9981,4.138057927,2015,3304,5319
132,1,7,18,3,0,1,35.19625,40.15,28.79,3.750807522,65.125,83,49,10.7796608,14.45887917,23.9994,6.0032,4.836524991,851,3649,4500
133,1,7,19,3,0,1,37.37395833,42.425,33.335,2.960628231,65.04166667,79,42,10.15308549,8.7502,19.9995,0,4.512854445,754,3819,4573
134,1,8,1,3,0,1,35.16458333,40.91,30.305,3.319881453,55.08333333,83,27,20.40655621,10.50001667,19.9995,0,6.135580015,735,3554,4289
135,1,8,2,3,0,1,35.35354167,39.395,31.06,3.010872862,49.125,74,25,18.7229515,13.79195,27.9993,0,6.717799231,809,4057,4866
136,1,8,3,3,0,1,33.996875,37.12,31.82,1.399780117,65.75,89,49,15.0715684,9.084083333,32.9975,0,6.889419751,469,3114,3583
137,1,8,4,3,0,1,33.239375,37.88,29.545,2.36747449,75.75,94,55,12.85115458,13.20905,23.9994,0,7.694906406,804,3792,4596
138,1,8,5,3,0,1,32.82833333,37.12,29.545,2.371254331,63.08333333,78,49,11.02138895,12.37462083,19.9995,0,5.25598424,1025,3880,4905
139,1,8,6,3,0,0,33.80770833,40.15,28.79,3.288274286,75.5,89,52,11.20946805,15.29275,30.0026,6.0032,5.48115516,1521,2777,4298
140,1,8,7,3,0,0,35.76458333,42.425,33.335,3.142455394,75.29166667,89,42,13.94548132,13.4996625,43.0006,0,8.193236239,1302,2505,3807
141,1,8,8,3,0,1,35.16416667,38.635,29.545,2.937545806,59.20833333,89,39,17.10321395,12.875725,26.0027,0,8.456117439,856,3480,4336
142,1,8,9,3,0,1,36.20604167,39.395,32.575,2.26680103,57.04166667,79,39,11.49093846,10.12509583,19.9995,0,7.242986038,916,3720,4636
143,1,8,10,3,0,1,34.24916667,37.12,31.82,1.758478015,42.41666667,61,26,12.01056298,13.41730833,26.0027,0,7.064435043,885,3917,4802
144,1,8,11,3,0,1,32.57604167,34.85,30.305,1.430756093,42.375,65,27,11.5863957,11.04132083,19.9995,0,5.093935457,812,4001,4813
145,1,8,12,3,0,1,32.70208333,35.605,31.06,1.605948126,41.5,57,26,10.78646495,8.416595833,19.9995,0,5.777890412,1058,3864,4922
146,1,8,13,3,0,0,32.29291667,35.605,29.545,1.727647884,72.95833333,89,51,9.033652863,14.16742917,26.0027,0,6.87597428,1510,2685,4195
147,1,8,14,3,0,0,31.219375,35.605,27.275,3.08751318,81.75,94,62,10.13924789,14.91643333,32.9975,0,6.983346231,1344,2488,3832
148,1,8,15,3,0,1,30.80833333,35.605,27.275,2.795333326,71.20833333,88,51,12.99156638,13.99992917,22.0028,0,6.474361798,780,3587,4367
149,1,8,16,3,0,1,32.291875,35.605,29.545,1.98280588,57.83333333,73,41,11.32395179,15.83405417,30.0026,0,8.213278628,722,4032,4754
150,1,8,17,3,0,1,33.33354167,37.12,29.545,2.497601667,57.54166667,78,36,13.16774441,9.625666667,19.0012,0,6.432087593,676,4043,4719
151,1,8,18,3,0,1,33.11291667,37.88,29.545,2.812316049,65.45833333,83,46,12.51426722,15.62495833,23.9994,0,6.329990406,646,3170,3816
152,1,8,19,3,0,1,31.66104167,37.12,27.275,3.334666719,72.29166667,89,49,13.08327564,9.333658333,35.0008,0,10.83330214,798,3376,4174
153,1,9,1,3,0,1,30.74604167,33.335,26.515,2.405318825,63.91666667,83,48,11.40906073,9.500320833,16.9979,0,4.906893154,793,4368,5161
154,1,9,2,3,0,1,30.24041667,32.575,28.03,1.530281245,72.70833333,83,61,7.669698518,9.375254167,16.9979,0,3.535583731,877,3886,4763
155,1,9,3,3,0,0,31.660625,34.09,29.545,1.685931759,71.66666667,85,61,5.865645497,12.416775,19.0012,7.0015,3.255670844,1936,2562,4498
156,1,9,4,3,0,0,33.27145833,38.635,28.79,3.401527304,74.20833333,89,59,8.531166222,13.83326667,22.0028,8.9981,3.738364374,2525,2434,4959
157,1,9,5,3,1,0,31.28229167,34.85,26.515,2.089749818,79.04166667,94,69,8.436355934,14.25062083,39.0007,6.0032,7.373511362,1242,2144,3386
158,1,9,6,3,0,1,25.76,25.76,25.76,0,88.69565217,94,81,4.527037789,23.04421304,27.9993,16.9979,3.431682079,206,2530,2736
159,1,9,7,3,0,1,27.21145833,28.79,25.76,1.092682657,91.70833333,100,88,3.236734354,6.500395833,16.9979,0,5.524457762,124,1887,2011
160,1,9,8,3,0,1,27.76804348,33.335,25,1.905398872,93.95652174,100,79,5.004345937,12.91410435,26.0027,0,7.291629051,163,1727,1890
161,1,9,9,3,0,1,28.94729167,34.85,25.76,3.221444781,89.79166667,100,66,10.31663564,8.333404167,16.9979,0,5.967741132,427,3158,3585
162,1,9,10,3,0,0,30.398125,34.09,25,3.105010961,75.375,100,55,16.67023513,10.29175833,19.9995,0,6.27935928,1759,3595,5354
163,1,9,11,3,0,0,30.46145833,34.09,27.275,2.277888744,71.375,88,51,12.05715555,7.708629167,26.0027,0,8.051413937,1640,3424,5064
164,1,9,12,3,0,1,30.10652174,33.335,25.76,2.845967815,69.2173913,94,48,15.69295303,5.957173913,12.998,0,4.986014474,696,4050,4746
165,1,9,13,3,0,1,30.17770833,33.335,26.515,2.630773972,71.25,88,51,13.62941193,9.500879167,22.0028,0,6.206761905,708,4071,4779
166,1,9,14,3,0,1,31.345,35.605,27.275,2.970109792,69.70833333,88,49,13.01330144,11.2091,27.9993,0,5.984810231,656,4162,4818
167,1,9,15,3,0,1,27.68354167,31.82,21.97,3.461453414,70.91666667,83,63,5.837782982,18.16677083,40.9973,0,10.10219901,432,3234,3666
168,1,9,16,3,0,1,23.07375,25.76,19.695,2.142988187,59.04166667,76,42,10.84467077,11.00028333,19.0012,0,6.718033009,747,4041,4788
169,1,9,17,3,0,0,23.925625,25.76,22.725,1.116265428,71.83333333,82,67,4.14589023,12.708225,19.0012,6.0032,3.329416265,1436,3094,4530
170,1,9,18,3,0,0,24.526875,27.275,21.97,1.946068954,69.5,82,56,7.150554858,11.95838333,16.9979,6.0032,3.9165431,1362,2933,4295
171,1,9,19,3,0,1,26.48375,30.305,24.24,2.030151124,69,82,60,6.652884304,10.16669167,15.0013,0,3.292539684,698,3879,4577
172,1,10,1,4,0,0,20.643125,24.24,17.425,1.748041645,75.375,93,58,10.53281621,19.58382083,27.9993,7.0015,5.977658968,481,1978,2459
173,1,10,2,4,0,0,17.26583333,20.455,15.15,1.514781995,79.16666667,93,62,8.307496178,14.8748375,23.9994,6.0032,4.395996713,621,2312,2933
174,1,10,3,4,0,1,19.60229167,21.21,17.425,1.250304293,76.08333333,87,66,6.049913163,5.584170833,15.0013,0,4.500805337,330,3243,3573
175,1,10,4,4,0,1,23.64291667,27.275,20.455,2.624574465,71,87,53,11.30601994,13.79222917,26.0027,0,6.580652899,496,4004,4500
176,1,10,5,4,0,1,26.356875,31.06,21.97,3.650287902,64.79166667,88,41,16.2131969,11.87575,26.0027,0,7.309298277,568,4299,4867
177,1,10,6,4,0,1,24.02125,27.275,20.455,2.195238548,62.08333333,88,43,12.74811722,9.041929167,19.0012,0,4.990198728,642,4145,4787
178,1,10,7,4,0,1,25.22020833,31.06,20.455,3.917502387,68.41666667,94,41,17.04193464,1.500241667,16.9979,0,3.934291968,952,4067,5019
179,1,10,8,4,0,0,25.66208333,31.06,21.21,3.845990266,70.125,94,35,19.10454647,3.042079167,8.9981,0,3.759016724,2238,3203,5441
180,1,10,9,4,0,0,26.19916667,31.82,21.97,3.87578482,72.75,94,44,17.71575079,4.25115,11.0014,0,3.90444701,2400,3119,5519
181,1,10,10,4,1,0,27.14625,32.575,21.97,3.82211393,73.375,94,37,20.01697649,2.834379167,11.0014,0,3.560137662,1523,3622,5145
182,1,10,11,4,0,1,27.30479167,29.545,25,1.901853489,80.875,94,69,7.373940602,9.583791667,19.0012,0,5.148898464,673,3910,4583
183,1,10,12,4,0,1,25.88583333,26.515,25.76,0.287423588,90.625,100,83,4.421415276,16.62605,30.0026,6.0032,7.494640953,218,2202,2420
184,1,10,13,4,0,1,27.59020833,31.06,25.76,1.757561601,89.66666667,100,74,8.820266518,9.4997625,19.0012,0,5.578830236,293,2639,2932
185,1,10,14,4,0,1,26.48375,31.06,22.725,2.148609383,71.625,94,39,23.15695501,15.00018333,27.9993,6.0032,5.755785995,535,3129,3664
186,1,10,15,4,0,0,24.93625,31.06,20.455,3.395200017,48.33333333,76,29,14.13803586,17.29158333,36.9974,0,9.919388524,1909,3340,5249
187,1,10,16,4,0,0,25.15770833,31.06,19.695,3.602604728,48.66666667,66,35,8.585461253,18.87501667,31.0009,8.9981,8.056995828,1751,3295,5046
188,1,10,17,4,0,1,25.53625,27.275,23.485,1.172147092,57.95833333,88,40,12.25269861,11.75040417,26.0027,0,7.913967104,722,3884,4606
189,1,10,18,4,0,1,26.13604167,31.06,21.97,3.468299602,70.16666667,94,38,17.48954139,7.3758625,16.9979,0,4.488967962,645,4123,4768
190,1,10,19,4,0,1,25.6923913,27.275,24.24,0.967777291,89.52173913,100,70,8.548628626,16.30372174,32.9975,6.0032,8.269915935,262,2195,2457
191,1,11,1,4,0,1,19.854375,24.24,15.91,2.954398457,68.375,87,44,14.27619636,9.083245833,16.9979,0,5.097722249,410,3676,4086
192,1,11,2,4,0,1,19.50666667,24.24,16.665,2.701797174,71.875,87,45,13.59447618,5.500141667,12.998,0,4.995613093,371,3817,4188
193,1,11,3,4,0,1,20.29604167,25,16.665,3.229808845,70.20833333,82,48,12.4829594,9.166716667,16.9979,0,3.70119993,325,3673,3998
194,1,11,4,4,0,1,20.16958333,23.485,15.15,2.287156444,62.25,87,32,20.23825478,18.20920417,32.9975,0,10.9105563,479,3601,4080
195,1,11,5,4,0,0,16.19270833,21.21,11.365,3.036787841,51.91666667,70,35,10.06032529,12.6671875,23.9994,0,8.473535094,1165,2787,3952
196,1,11,6,4,0,0,18.11791667,23.485,12.12,3.481393061,73.45833333,87,51,13.31876469,6.167629167,15.0013,0,4.851224457,953,2724,3677
197,1,11,7,4,0,1,20.04354167,26.515,15.91,3.594936197,75.875,100,37,20.82705703,3.834075,11.0014,0,4.12536014,382,3688,4070
198,1,11,8,4,0,1,20.61229167,27.275,15.91,3.856549759,72.16666667,93,43,17.88530285,4.6255125,11.0014,0,4.199670168,378,3842,4220
199,1,11,9,4,0,1,20.45395833,25,16.665,2.955135169,75.83333333,93,45,16.64375236,4.167120833,15.0013,0,5.346419841,312,3839,4151
200,1,11,10,4,0,1,18.68604167,22.725,16.665,1.99381161,81.33333333,100,53,14.26356461,12.66746667,26.0027,0,7.608037477,196,2752,2948
201,1,11,11,4,1,0,15.34083333,19.695,12.88,1.674941055,44.625,61,34,7.817552714,21.083225,36.9974,6.0032,8.717143718,442,2955,3397
202,1,11,12,4,0,0,17.89708333,25,10.605,5.189777351,55.29166667,80,29,15.00863278,14.2081875,19.9995,6.0032,4.680894897,1276,2805,4081
203,1,11,13,4,0,0,21.5275,25.76,15.91,3.467450824,45.83333333,66,27,15.22773975,18.87529583,32.9975,6.0032,7.781436294,1010,2720,3730
204,1,11,14,4,0,1,26.230625,31.06,21.97,3.84233294,58.70833333,72,44,8.589574908,20.54192083,30.0026,12.998,4.149677745,596,3911,4507
205,1,11,15,4,0,1,25.37895833,26.515,22.725,1.224617934,68.875,94,60,8.724341261,13.37543333,23.9994,0,6.780806912,453,3766,4219
206,1,11,16,4,0,1,22.599375,23.485,21.21,0.576894445,93,100,88,3.822132344,9.167554167,26.0027,0,8.308071764,154,1686,1840
207,1,11,17,4,0,1,16.16104167,21.21,12.12,2.750646161,57.58333333,88,39,14.285647,20.4592875,30.0026,11.0014,5.413845444,143,2932,3075
208,1,11,18,4,0,1,13.63604167,16.665,10.605,2.08278815,41,60,29,7.785158679,11.29173333,22.0028,0,4.573379853,255,3179,3434
209,1,11,19,4,0,0,16.22416667,21.21,10.605,4.087551533,50.20833333,71,30,10.82661442,15.04122083,22.0028,0,5.352878514,952,2746,3698
210,1,12,1,4,0,1,15.27770833,20.455,10.605,3.363633833,52.45833333,70,40,8.900313461,14.75060833,23.9994,0,6.387776937,189,3561,3750
211,1,12,2,4,0,1,16.57166667,21.21,12.88,2.999062776,62.58333333,87,38,16.88559115,6.750529167,19.0012,0,6.568895159,269,3695,3964
212,1,12,3,4,0,0,15.53020833,19.695,11.365,2.623649333,61.29166667,75,46,9.280550802,6.417483333,16.9979,0,4.261587319,715,2945,3660
213,1,12,4,4,0,0,17.455,21.21,14.395,2.205173758,77.58333333,93,58,9.059785326,5.625208333,15.0013,0,5.347254452,639,2886,3525
214,1,12,5,4,0,1,19.69625,24.24,15.91,2.735166814,82.70833333,93,63,8.195858799,4.167958333,8.9981,0,3.397161656,235,3615,3850
215,1,12,6,4,0,1,22.82,24.24,21.97,0.514633681,94.95833333,100,77,6.272640153,15.58308333,19.9995,11.0014,3.006268726,131,2503,2634
216,1,12,7,4,0,1,20.01229167,23.485,9.85,4.13024396,97.04166667,100,87,4.676296999,17.833725,43.0006,0,11.24317986,51,662,713
217,1,12,8,4,0,1,12.846875,16.665,9.85,1.991259058,58,87,45,10.51706687,16.08390833,31.0009,6.0032,6.952762664,151,3181,3332
218,1,12,9,4,0,1,15.87708333,19.695,12.88,2.147587077,69.58333333,87,46,11.85388092,5.542016667,19.9995,0,7.229005225,264,3364,3628
219,1,12,10,4,0,0,13.320625,15.15,10.605,1.513246806,50.75,81,31,14.54004964,15.62579583,27.9993,6.0032,7.551323498,509,2705,3214
220,1,12,11,4,0,0,12.65770833,16.665,7.575,2.855618025,49,69,26,13.54862419,4.458291667,16.9979,0,6.255114345,380,2402,2782
221,1,12,12,4,0,1,13.50979167,16.665,7.575,2.686866398,67.08333333,86,52,10.61957449,4.25115,8.9981,0,3.455253471,152,3177,3329
222,1,12,13,4,0,1,15.056875,20.455,8.335,3.105753361,59,86,35,18.04342588,9.41685,23.9994,0,7.739741916,159,3382,3541
223,1,12,14,4,0,1,16.918125,19.695,15.15,1.574118672,66.375,87,54,10.34119033,4.084208333,11.0014,0,4.423199004,185,3597,3782
224,1,12,15,4,0,1,20.611875,25,15.15,4.202935261,63.41666667,72,52,5.874903638,17.95879167,32.9975,8.9981,5.996312331,188,3543,3731
225,1,12,16,4,0,1,17.99125,24.24,15.15,3.753011617,50.04166667,82,33,12.65075755,17.458525,27.9993,7.0015,5.890468995,180,3415,3595
226,1,12,17,4,0,0,12.46854167,14.395,10.605,1.139044679,56.08333333,75,45,10.05167806,16.29216667,26.0027,0,5.262877366,279,2481,2760
227,1,12,18,4,0,0,12.27895833,15.15,10.605,1.394407291,58.625,75,45,9.31950969,11.37520417,19.9995,0,5.451720026,224,2235,2459
228,1,12,19,4,0,1,14.04666667,20.455,8.335,4.16123771,63.75,93,40,16.34745027,11.58402083,22.0028,6.0032,4.707657871,269,3147,3416
229,2,1,1,1,0,0,18.78104167,23.485,12.88,3.622581346,69.25,93,48,14.45307249,12.87516667,27.9993,0,8.071832544,692,1644,2336
230,2,1,2,1,1,0,12.61521739,20.455,10.605,2.358423722,38.13043478,45,32,4.093279945,22.08756957,32.9975,0,7.35447581,253,1707,1960
231,2,1,3,1,0,1,6.31375,9.85,3.79,1.424700769,44.125,59,26,10.52249144,24.49994583,43.9989,12.998,9.122831258,90,2154,2244
232,2,1,4,1,0,1,5.966875,12.88,0.76,3.903254443,41.45833333,47,34,3.599265223,12.3749,22.0028,0,6.261128842,105,2288,2393
233,2,1,5,1,0,1,13.920625,17.425,10.605,2.318841686,52.41666667,75,34,13.41289667,8.7091625,19.9995,0,6.576758245,143,3142,3285
234,2,1,6,1,0,1,17.01333333,25,10.605,5.019680543,54.20833333,80,27,17.42307108,11.24985833,19.0012,0,5.817661894,311,3808,4119
235,2,1,7,1,0,0,19.53895833,27.275,11.365,5.040152038,53.16666667,87,37,15.82696287,11.70880833,19.9995,6.0032,4.657082747,1076,3474,4550
236,2,1,8,1,0,0,17.01291667,20.455,12.12,2.374833137,46.5,60,37,6.890447073,12.83329167,19.9995,0,5.608041793,606,2853,3459
237,2,1,9,1,0,1,12.37395833,14.395,11.365,1.039383156,70.16666667,93,52,14.61287897,6.6263,15.0013,0,3.751146277,115,2305,2420
238,2,1,10,1,0,1,15.94130435,21.21,9.09,4.916582612,64.65217391,93,38,24.26109623,12.56599565,23.9994,6.0032,5.718299106,176,3450,3626
239,2,1,11,1,0,1,14.14104167,17.425,10.605,2.583018532,84.75,93,76,4.204035329,8.791795833,16.9979,0,5.132581792,95,2102,2197
240,2,1,12,1,0,1,19.096875,22.725,15.91,2.363227717,80.29166667,93,63,10.01511539,12.12476667,22.0028,6.0032,4.356633538,274,3851,4125
241,2,1,13,1,0,1,12.468125,20.455,9.09,3.46066022,50.75,87,30,17.48850554,25.33325833,40.9973,11.0014,8.868752694,183,3077,3260
242,2,1,14,1,0,0,9.154375,11.365,6.82,1.546613631,45.75,54,38,4.636809248,12.54128333,23.9994,0,6.1143223,338,2175,2513
243,2,1,15,1,0,0,8.08125,11.365,6.06,1.681307236,41.91666667,54,25,9.150512776,16.83430833,26.0027,6.0032,5.768403416,291,2028,2319
244,2,1,16,1,1,0,9.533125,13.635,6.06,2.277106198,52.25,70,41,6.992231714,15.50100833,30.0026,0,8.856481951,221,2091,2312
245,2,1,17,1,0,1,18.21391304,22.725,11.365,4.188962487,71.60869565,87,62,8.799478964,23.39173913,36.9974,7.0015,7.069133725,135,2832,2967
246,2,1,18,1,0,1,13.76270833,22.725,6.82,4.459848647,44.33333333,77,30,12.06744333,27.83375417,35.0008,16.9979,5.895155647,113,3267,3380
247,2,1,19,1,0,1,9.501875,11.365,6.06,1.895681484,49.75,59,41,4.865584553,14.75060833,30.0026,0,8.231931399,140,3188,3328
248,2,2,1,1,0,1,23.326875,31.06,17.425,3.862807273,50.79166667,73,33,10.48800212,12.66746667,19.0012,6.0032,4.1873733,309,4296,4605
249,2,2,2,1,0,1,19.94854167,22.725,14.395,2.443163256,67.29166667,93,43,16.66414836,12.5415625,35.0008,0,12.73450787,194,3578,3772
250,2,2,3,1,0,1,15.46729167,20.455,11.365,3.029132814,52.66666667,70,37,9.439356402,11.95922083,26.0027,0,6.662767911,319,3841,4160
251,2,2,4,1,0,0,13.63625,16.665,11.365,1.514783131,77.95833333,93,61,9.52561383,8.167020833,15.0013,0,4.228413187,386,2487,2873
252,2,2,5,1,0,0,13.22604167,15.91,11.365,1.160669765,68.79166667,93,52,13.34159617,11.79172083,19.0012,6.0032,3.740739002,320,2641,2961
253,2,2,6,1,0,1,14.82130435,21.21,9.09,4.078627559,62.2173913,86,32,18.00998845,10.3046,19.0012,0,4.546607631,213,3584,3797
254,2,2,7,1,0,1,18.05520833,21.97,14.395,2.592500253,49.625,70,35,11.26291529,9.874404167,22.0028,0,6.910958811,207,4190,4397
255,2,2,8,1,0,1,13.32104167,15.91,11.365,1.221548357,72.29166667,87,56,10.94046802,8.959295833,19.0012,0,4.956211297,113,2718,2831
256,2,2,9,1,0,1,13.099375,17.425,9.09,3.017053094,56.20833333,87,31,18.48378647,13.0005125,30.0026,0,8.124498813,166,3705,3871
257,2,2,10,1,0,1,14.67791667,17.425,9.85,2.319329887,54,70,39,9.021712939,7.834254167,16.9979,0,4.369722947,231,3629,3860
258,2,2,11,1,0,0,10.54333333,15.15,3.79,3.150300078,73.125,93,39,19.33528538,19.41632083,43.9989,7.0015,12.24327947,202,1986,2188
259,2,2,12,1,0,0,5.082916667,8.335,2.275,1.765160983,46.45833333,79,34,10.14237416,27.4172375,47.9988,11.0014,10.13789914,75,1493,1568
260,2,2,13,1,0,1,11.395625,17.425,5.305,4.751722185,41.125,58,22,13.01274459,11.20798333,22.0028,0,4.481699571,96,3351,3447
261,2,2,14,1,0,1,16.69729167,21.21,12.88,2.730734882,50.875,70,35,9.552202114,9.459004167,30.0026,0,8.27762839,141,3795,3936
262,2,2,15,1,0,1,17.58145833,21.21,14.395,2.486778289,53.125,75,38,10.8640312,12.1672,26.0027,0,7.981992561,142,4050,4192
263,2,2,16,1,0,1,16.508125,18.18,15.15,0.89262901,75.29166667,87,61,7.351303739,6.125475,16.9979,0,4.74811194,81,2969,3050
264,2,2,17,1,0,1,17.58145833,21.21,13.635,2.69878293,63.45833333,100,32,27.90664432,13.79167083,27.9993,0,8.944191775,355,3818,4173
265,2,2,18,1,0,0,17.77125,23.485,12.12,3.73796569,53.45833333,87,33,16.60795819,12.79225417,30.0026,0,8.662852394,1445,2917,4362
266,2,2,19,1,0,0,13.289375,15.91,10.605,1.656171143,51.58333333,93,36,12.41288484,16.9585375,26.0027,6.0032,4.713630716,625,2078,2703
267,2,3,1,1,0,1,23.76854167,31.06,17.425,3.037791131,61.54166667,94,31,26.42130097,15.2081625,31.0009,0,7.407341535,328,4675,5003
268,2,3,2,1,0,1,17.99208333,21.97,15.15,1.924848338,65.70833333,87,43,16.71884947,9.708579167,19.9995,0,7.267920067,248,2970,3218
269,2,3,3,1,0,0,20.67458333,24.24,17.425,2.358150029,62.125,93,19,31.6479445,10.79230417,23.9994,0,7.683539734,960,3125,4085
270,2,3,4,1,0,0,15.15104167,20.455,12.12,2.154452407,40.33333333,52,29,7.328720552,22.41624583,40.9973,8.9981,8.791700222,716,2724,3440
271,2,3,5,1,0,1,12.05854167,15.15,9.09,1.480036339,50.625,60,35,7.988102566,15.33350833,43.9989,0,11.3392815,212,3160,3372
272,2,3,6,1,0,1,12.75208333,16.665,8.335,2.857374485,45.66666667,61,32,7.910733856,13.458625,22.0028,0,6.248432029,228,3768,3996
273,2,3,7,1,0,1,19.255,26.515,11.365,5.725499978,51.33333333,65,34,10.9967057,23.16720417,32.9975,16.9979,4.43988302,434,4487,4921
274,2,3,8,1,0,1,26.23020833,31.06,21.21,4.136627875,56.75,77,38,14.33830382,29.5846875,46.0022,15.0013,8.919129118,494,4926,5420
275,2,3,9,1,0,1,19.85416667,27.275,14.395,3.797540871,40.70833333,77,23,16.33209475,27.7916,40.9973,16.9979,6.46006572,454,4129,4583
276,2,3,10,1,0,0,13.88833333,18.94,10.605,2.918190947,35.04166667,44,21,7.709278242,15.12525,27.9993,0,8.445906043,969,3159,4128
277,2,3,11,1,0,0,17.98347826,25,11.365,5.229357347,47.69565217,70,27,13.939593,14.91332609,23.9994,6.0032,5.017429918,1664,3291,4955
278,2,3,12,1,0,1,22.97958333,31.06,16.665,4.913475463,48.91666667,61,32,9.026129541,13.9167375,30.0026,7.0015,5.725374802,843,4470,5313
279,2,3,13,1,0,1,27.14645833,32.575,22.725,3.572918208,61.75,82,34,16.59557301,15.87565,26.0027,6.0032,5.535367563,763,5088,5851
280,2,3,14,1,0,1,27.43083333,31.82,21.97,3.946095943,50.70833333,82,23,21.25104431,7.7091875,22.0028,0,5.480989156,1006,5347,6353
281,2,3,15,1,0,1,26.64125,32.575,21.97,3.943891052,57.95833333,77,30,14.80739876,10.04218333,26.0027,0,6.974791831,1014,5227,6241
282,2,3,16,1,0,1,21.81145833,23.485,20.455,1.11622664,84.20833333,94,72,5.75574697,7.583841667,22.0028,0,7.300445406,552,3869,4421
283,2,3,17,1,0,0,25.25229167,31.06,20.455,3.88042915,75.58333333,100,50,16.75635289,7.417179167,19.9995,0,5.686605783,3155,4688,7843
284,2,3,18,1,0,0,23.2,26.515,20.455,2.033534618,81,94,64,9.518859998,8.501183333,12.998,6.0032,2.244805342,2216,3701,5917
285,2,3,19,1,0,1,26.64104167,31.06,21.97,3.72345532,72.875,94,50,14.13079431,10.87521667,16.9979,0,4.766466042,985,5171,6156
286,2,4,1,2,0,0,20.864375,25,16.665,3.305332093,67.625,81,52,10.31593322,11.54186667,19.9995,0,4.942380247,2353,3727,6080
287,2,4,2,2,0,1,21.37565217,24.24,15.15,2.542683936,50.43478261,94,27,21.60140165,20.91332174,35.0008,6.0032,9.268262778,1217,4752,5969
288,2,4,3,2,0,1,23.07416667,30.305,15.91,4.776340619,39.66666667,66,17,17.21896494,6.708933333,16.9979,0,5.71384591,1351,5464,6815
289,2,4,4,2,0,1,26.6725,31.06,21.21,4.256424301,46.95833333,72,22,13.94236324,12.125325,27.9993,0,8.989135757,1063,5409,6472
290,2,4,5,2,0,1,21.558125,25,16.665,2.363785106,37.41666667,50,23,7.632406121,14.70845417,30.0026,0,7.333952302,1197,5298,6495
291,2,4,6,2,0,1,19.53833333,25,13.635,3.875552322,37.70833333,62,22,11.99448847,20.1259625,31.0009,0,6.791473853,1808,4666,6474
292,2,4,7,2,0,0,21.30645833,25.76,15.15,3.819604885,25.41666667,36,16,6.240935456,18.41634583,27.9993,11.0014,5.166590075,3260,3635,6895
293,2,4,8,2,0,0,24.62125,30.305,18.94,3.921510149,27.58333333,46,17,7.395160972,15.58392083,30.0026,0,8.027127754,2231,2961,5192
294,2,4,9,2,0,1,23.831875,27.275,21.21,1.869770279,31.75,44,24,5.772875103,23.99912083,47.9988,8.9981,10.50457509,915,4684,5599
295,2,4,10,2,0,1,21.81166667,27.275,16.665,3.684784716,43.5,71,20,20.67134122,16.708125,35.0008,0,9.447965232,824,5136,5960
296,2,4,11,2,0,1,16.86369565,21.97,13.635,2.665885584,46.95652174,57,33,7.582745131,19.78335217,27.9993,7.0015,5.831129405,489,4404,4893
297,2,4,12,2,0,1,19.38020833,24.24,13.635,4.007822102,46.625,66,27,15.07895885,19.45875417,30.0026,8.9981,5.218149606,669,4765,5434
298,2,4,13,2,0,1,21.59041667,26.515,15.91,3.79153087,40.83333333,62,24,13.58921141,10.41654583,19.0012,0,5.157292931,1253,5149,6402
299,2,4,14,2,0,0,24.39979167,31.06,16.665,5.361860984,50.29166667,76,27,15.81820406,12.79141667,30.0026,6.0032,6.255320199,2804,4681,7485
300,2,4,15,2,0,0,28.69375,32.575,24.24,3.224512855,50.79166667,68,39,8.581978928,15.08365417,26.0027,0,7.294877039,2850,4300,7150
301,2,4,16,2,1,0,30.74625,34.85,25,3.275018835,56.16666667,83,31,17.64053304,19.08355417,31.0009,8.9981,5.875837547,1200,5206,6406
302,2,4,17,2,0,1,29.924375,31.06,25.76,1.972415377,39.04166667,83,22,17.0306097,18.33315417,32.9975,6.0032,6.231535751,989,5727,6716
303,2,4,18,2,0,1,22.851875,25.76,21.21,1.510101359,56.91666667,82,32,18.15852098,11.2501375,19.9995,0,6.059174217,350,4031,4381
304,2,4,19,2,0,1,24.65229167,31.06,20.455,3.704968456,61.25,82,41,15.68508014,4.417254167,15.0013,0,4.615044548,847,5736,6583
305,2,5,1,2,0,1,28.85104167,33.335,24.24,3.798114229,65.95833333,94,45,14.57060521,10.45842083,19.0012,0,5.83773743,653,5091,5744
306,2,5,2,2,0,1,26.89479167,30.305,24.24,1.787872478,79.70833333,90,65,7.018479748,9.249908333,16.9979,0,6.468439669,677,5530,6207
307,2,5,3,2,0,1,26.86208333,33.335,21.97,4.046770832,76.83333333,94,54,12.08904163,8.957620833,16.9979,0,5.456557919,766,5696,6462
308,2,5,4,2,0,1,29.54583333,34.09,25.76,2.623868976,73.54166667,94,48,14.07427245,10.9168125,31.0009,0,9.069557241,1075,5227,6302
309,2,5,5,2,0,0,29.23041667,34.09,25.76,2.555637807,75.66666667,94,55,11.22368097,10.25044167,26.0027,0,8.455758448,2497,4390,6887
310,2,5,6,2,0,0,27.336875,30.305,24.24,2.416361716,74,88,61,9.403976957,10.04190417,19.0012,0,4.358460656,2140,4253,6393
311,2,5,7,2,0,1,26.35708333,31.06,22.725,2.997337556,66.41666667,88,45,15.59519621,15.45829583,26.0027,7.0015,5.756434747,1014,5292,6306
312,2,5,8,2,0,1,27.87354167,30.305,24.24,2.478320995,68.58333333,78,52,5.860083592,19.83395417,27.9993,15.0013,3.130528248,741,5010,5751
313,2,5,9,2,0,1,27.65125,31.06,23.485,2.754484979,74.41666667,94,50,14.51211388,14.4996375,39.0007,0,8.048925299,625,4131,4756
314,2,5,10,2,0,1,24.58916667,31.06,21.97,2.010944331,55.20833333,88,30,19.5781137,21.0421875,35.0008,7.0015,9.143860719,1029,5550,6579
315,2,5,11,2,0,1,26.04166667,30.305,21.21,3.731992027,36.04166667,55,23,10.92057956,15.8748125,27.9993,7.0015,5.495909776,1325,5732,7057
316,2,5,12,2,0,0,27.24083333,31.82,21.21,3.930489146,48.04166667,71,21,14.54671386,8.249933333,12.998,0,4.483502576,2623,4823,7446
317,2,5,13,2,0,0,29.261875,32.575,25,2.919241196,57.625,72,42,9.040067814,15.08281667,27.9993,8.9981,5.837664274,2174,3948,6122
318,2,5,14,2,0,1,27.495,31.06,25,1.861815383,78.95833333,94,56,10.74397371,14.25034167,22.0028,0,5.486836318,343,2519,2862
319,2,5,15,2,0,1,28.82020833,32.575,26.515,2.239442127,79.45833333,94,61,10.87469806,9.875241667,19.0012,0,4.120669766,635,4516,5151
320,2,5,16,2,0,1,29.79875,33.335,25.76,2.86605404,69.79166667,94,42,18.68731066,8.2083375,19.0012,0,5.50034688,999,6441,7440
321,2,5,17,2,0,1,28.630625,31.06,25,2.288101222,52,83,27,17.487884,15.374825,30.0026,6.0032,6.684801216,1249,6144,7393
322,2,5,18,2,0,1,27.55604167,31.06,21.97,3.737178074,52.33333333,82,34,15.98006004,9.166716667,22.0028,0,5.130023376,1526,6150,7676
323,2,5,19,2,0,0,28.34541667,32.575,21.97,4.008715754,45.625,72,30,12.2361279,5.626325,11.0014,0,3.68124569,3410,4924,8334
324,2,6,1,2,0,1,30.398125,34.09,27.275,2.419011572,75.54166667,94,50,12.55588955,15.9166875,30.0026,6.0032,6.296270472,537,3602,4139
325,2,6,2,2,0,0,28.314375,31.06,24.24,2.6786841,54.91666667,88,35,17.94657934,12.4996875,23.9994,0,6.890042446,2804,5331,8135
326,2,6,3,2,0,0,28.75666667,31.82,22.725,3.347729817,49.33333333,82,34,14.36985573,12.3338625,26.0027,0,6.919615912,2501,5155,7656
327,2,6,4,2,0,1,28.91416667,31.06,25,2.443185584,48.70833333,68,38,10.44854542,19.08383333,32.9975,0,10.49991592,1072,5964,7036
328,2,6,5,2,0,1,26.29458333,31.06,23.485,2.482379169,61.33333333,82,43,14.77561642,14.041525,27.9993,0,5.796809795,968,6045,7013
329,2,6,6,2,0,1,27.11458333,31.06,22.725,3.267876892,61.125,82,38,16.06322427,5.167375,19.9995,0,6.033764177,1032,6051,7083
330,2,6,7,2,0,1,28.47208333,32.575,22.725,3.744870961,56.70833333,88,30,21.0103063,10.54245,22.0028,0,6.940553252,1039,6478,7517
331,2,6,8,2,0,1,29.893125,33.335,24.24,3.395546896,46.79166667,72,27,14.93457956,11.75068333,26.0027,0,6.575477099,1493,6261,7754
332,2,6,9,2,0,0,32.41833333,35.605,26.515,2.43689738,43.70833333,64,20,15.76313577,9.6672625,19.9995,0,5.909681493,2716,4820,7536
333,2,6,10,2,0,0,33.17583333,37.12,28.79,2.789533881,53.83333333,78,28,18.21291149,8.959295833,19.0012,0,5.449266071,2228,4376,6604
334,2,6,11,2,0,1,32.98604167,36.365,28.79,2.487489995,58.79166667,83,34,15.56746654,13.9167375,27.9993,7.0015,6.344490503,1019,5665,6684
335,2,6,12,2,0,1,29.89375,32.575,27.275,1.656382419,83.33333333,94,58,9.439356402,14.37457083,23.9994,7.0015,4.209871366,482,4527,5009
336,2,6,13,2,0,1,30.55583333,32.575,28.03,1.651629411,58.20833333,94,30,21.72752045,22.99970417,39.0007,0,9.860262081,1174,6250,7424
337,2,6,14,2,0,1,31.21916667,33.335,27.275,1.376494182,56.95833333,69,42,6.798204153,17.00013333,27.9993,11.0014,3.776185448,1187,6184,7371
338,2,6,15,2,0,1,29.98770833,32.575,25.76,2.506390953,58.95833333,88,37,18.43786078,11.83331667,19.0012,7.0015,3.059159216,1563,6102,7665
339,2,6,16,2,0,0,29.73541667,32.575,25.76,2.71902153,50.41666667,68,34,11.84654294,11.16666667,19.9995,0,5.312705886,2970,4762,7732
340,2,6,17,2,0,0,28.59875,31.06,25,2.509449641,59.875,72,50,6.435718939,9.708579167,19.9995,0,5.203692059,2639,4368,7007
341,2,6,18,2,0,1,27.24208333,30.305,25,1.927430096,77.79166667,94,68,6.978097203,11.70797083,16.9979,6.0032,3.013906426,657,4453,5110
342,2,6,19,2,0,1,32.73458333,38.635,28.79,3.855469553,69,79,55,9.895101994,9.917116667,16.9979,6.0032,3.090785924,978,5858,6836
343,2,7,1,3,0,0,37.53145833,41.665,31.82,2.911790305,51.875,84,26,18.7484782,11.29145417,23.9994,0,6.759399171,1429,4146,5575
344,2,7,2,3,0,1,35.101875,37.88,32.575,1.636286764,44.70833333,58,28,9.575690084,13.08286667,27.9993,0,5.777676141,912,5332,6244
345,2,7,3,3,0,1,35.1325,38.635,30.305,2.696842356,49.20833333,83,24,18.5049445,8.4579125,32.9975,0,7.950315957,1053,5633,6686
346,2,7,4,3,1,0,36.616875,42.425,30.305,4.499134654,53.875,83,35,15.48158092,9.04165,19.9995,0,7.036738456,2571,4864,7435
347,2,7,5,3,0,1,38.06833333,42.425,33.335,3.461747067,45.79166667,62,33,9.775653727,12.99995417,23.9994,0,8.392645984,1408,4837,6245
348,2,7,6,3,0,1,37.62666667,40.91,34.85,2.173262258,45.08333333,70,27,15.39033199,9.791491667,16.9979,0,4.353210986,1366,4847,6213
349,2,7,7,3,0,0,40.245625,43.94,35.605,2.949154379,49.20833333,74,19,19.41308202,10.95812917,23.9994,0,4.36821323,1453,3401,4854
350,2,7,8,3,0,0,39.51979167,45.455,31.82,3.493710958,57.375,83,36,12.13622855,8.417154167,19.9995,0,5.562856836,1209,3486,4695
351,2,7,9,3,0,1,32.70270833,34.85,28.79,1.929736397,68.33333333,89,40,17.88287173,12.125325,26.0027,6.0032,4.90142009,1003,5571,6574
352,2,7,10,3,0,1,33.23979167,36.365,28.79,2.645590046,66.75,89,38,17.28344269,10.1664125,15.0013,0,3.737727976,956,5374,6330
353,2,7,11,3,0,1,32.51354167,35.605,28.79,2.641448252,63.33333333,89,31,20.62431378,10.16613333,16.9979,0,5.607782073,985,6293,7278
354,2,7,12,3,0,1,32.73416667,35.605,29.545,1.786350827,52.95833333,73,33,13.72867252,9.833925,15.0013,0,4.546043326,1035,6435,7470
355,2,7,13,3,0,1,33.39666667,35.605,31.06,1.463073497,48.58333333,61,36,8.139632866,5.41695,15.0013,0,5.089811297,1513,6014,7527
356,2,7,14,3,0,0,33.30208333,37.88,29.545,2.390424247,69.91666667,84,48,11.91607123,9.626504167,23.9994,6.0032,5.07084222,2357,4634,6991
357,2,7,15,3,0,0,35.25979167,40.91,31.82,3.070179318,71.79166667,89,37,17.98786829,11.16666667,32.9975,0,6.656541127,1927,4136,6063
358,2,7,16,3,0,1,36.20625,40.91,30.305,3.158389191,64.5,79,42,11.35590251,11.0005625,39.0007,0,9.659221499,1090,5745,6835
359,2,7,17,3,0,1,37.78416667,41.665,31.82,2.9068258,50.58333333,84,29,17.15128761,7.666754167,16.9979,0,6.280422984,922,5896,6818
360,2,7,18,3,0,1,37.27916667,43.94,34.09,3.460836688,57.70833333,70,33,12.4218572,9.208591667,23.9994,0,6.310358058,807,4918,5725
361,2,7,19,3,0,1,35.73208333,39.395,29.545,3.156951239,60.04166667,89,41,14.8250058,11.08375417,19.0012,0,5.443712571,890,5721,6611
362,2,8,1,3,0,1,33.36541667,37.88,28.79,3.293930491,67.75,83,46,12.79011167,9.459004167,19.0012,0,3.999274149,1084,6518,7602
363,2,8,2,3,0,1,35.354375,39.395,29.545,3.428977003,65.95833333,89,41,14.39045326,8.666729167,31.0009,0,7.647915283,987,6281,7268
364,2,8,3,3,0,1,36.14333333,40.91,30.305,3.646159584,64.25,83,41,13.97279966,14.45804167,19.9995,7.0015,3.71805825,1335,5851,7186
365,2,8,4,3,0,0,37.56333333,40.91,33.335,2.394483091,61.33333333,84,37,17.66270122,17.24970833,27.9993,8.9981,5.310421903,2349,4516,6865
366,2,8,5,3,0,0,36.55395833,42.425,33.335,2.691828609,65.25,84,37,14.65323825,19.45819583,35.0008,6.0032,8.490271222,1716,3793,5509
367,2,8,6,3,0,1,35.51229167,37.88,33.335,1.536106724,65.41666667,79,41,14.24907828,8.666729167,15.0013,0,4.922131137,1237,5801,7038
368,2,8,7,3,0,1,34.88104167,37.88,31.82,1.793362144,70.375,84,46,11.19321417,7.832858333,19.0012,0,4.886791402,1285,6026,7311
369,2,8,8,3,0,1,35.38583333,37.88,31.82,1.806980827,67.29166667,89,44,14.31472081,7.4169,19.0012,0,6.704444704,1271,6279,7550
370,2,8,9,3,0,1,34.97541667,39.395,29.545,3.188060579,62.04166667,94,32,19.68994263,10.4587,19.0012,0,5.539786274,1204,6108,7312
371,2,8,10,3,0,1,33.39708333,37.12,27.275,2.850688672,71.58333333,91,52,12.85002679,16.0004375,30.0026,0,7.264962509,1074,4746,5820
372,2,8,11,3,0,0,31.91333333,37.12,28.03,3.129857847,73.29166667,89,46,14.77800706,13.83410417,27.9993,6.0032,6.51108,2256,4079,6335
373,2,8,12,3,0,0,32.22895833,34.85,29.545,1.715376102,53.04166667,78,33,13.65245373,8.2083375,15.0013,0,4.548716844,2192,4395,6587
374,2,8,13,3,0,1,33.11270833,36.365,29.545,2.065177105,54.54166667,73,33,14.03095697,9.1262375,22.0028,0,5.62842179,1215,5704,6919
375,2,8,14,3,0,1,33.83895833,37.88,28.79,2.503682062,68.66666667,89,41,14.9685661,11.33360833,19.0012,0,5.171745247,1132,5692,6824
376,2,8,15,3,0,1,32.701875,35.605,28.79,1.76823777,61.95833333,83,48,9.27586474,11.37464583,19.9995,0,5.256662999,1203,6172,7375
377,2,8,16,3,0,1,32.734375,36.365,28.79,2.374142551,51.91666667,78,31,17.09288351,9.500320833,16.9979,0,5.51629195,1339,6271,7610
378,2,8,17,3,0,1,12.12,12.12,12.12,0,57.08333333,83,30,16.58945885,15.50072917,31.0009,7.0015,7.967728826,1491,5673,7164
379,2,8,18,3,0,0,30.90354167,33.335,27.275,2.119249498,60.33333333,94,37,19.86403056,11.91706667,19.0012,0,5.625149235,2835,5052,7887
380,2,8,19,3,0,0,30.17770833,31.82,28.79,0.657890204,71.16666667,83,57,6.190221368,5.79215,12.998,0,4.549044941,1218,3343,4561
381,2,9,1,3,0,0,35.13270833,39.395,28.79,3.364328856,63.83333333,89,44,13.76405737,7.5835625,19.0012,0,6.385313909,2356,3800,6156
382,2,9,2,3,0,0,32.45,36.365,29.545,2.544436386,81.5,94,66,8.428729338,4.292745833,15.0013,0,4.544827408,2613,3222,5835
383,2,9,3,3,1,0,33.08145833,36.365,29.545,2.339877124,79.08333333,94,62,9.748652824,10.12509583,19.9995,0,6.326457496,1966,4107,6073
384,2,9,4,3,0,1,34.344375,38.635,29.545,2.696206801,75.5,89,55,10.39230485,15.83349583,31.0009,0,8.645947764,876,6024,6900
385,2,9,5,3,0,1,35.44916667,39.395,33.335,2.05863804,74.125,84,56,7.588965101,12.58315833,19.9995,0,5.562581914,837,6296,7133
386,2,9,6,3,0,1,32.76645833,35.605,28.79,2.225464524,81.04166667,94,66,7.555471192,9.542195833,16.9979,0,5.241084593,616,5605,6221
387,2,9,7,3,0,1,32.86020833,38.635,28.03,3.918864764,73.625,89,55,12.92389933,11.50027083,22.0028,0,6.157084919,1048,6480,7528
388,2,9,8,3,0,0,30.55604167,38.635,26.515,3.930730372,79.91666667,94,52,12.96790911,18.83397917,35.0008,6.0032,7.987607766,1565,4456,6021
389,2,9,9,3,0,0,28.94625,32.575,25,2.834009776,54.75,77,30,17.07591744,15.04122083,19.9995,0,5.170770205,2571,5692,8263
390,2,9,10,3,0,1,28.28270833,31.06,24.24,2.892315899,50.375,72,31,13.22978359,17.3337375,26.0027,0,5.940114653,1124,6408,7532
391,2,9,11,3,0,1,27.71458333,31.82,22.725,3.524968676,52,77,28,18.20893235,6.167629167,12.998,0,3.690855321,1072,6705,7777
392,2,9,12,3,0,1,28.50375,32.575,24.24,3.275070942,57.70833333,77,34,14.66874574,8.833670833,19.9995,0,4.038572406,1053,6856,7909
393,2,9,13,3,0,1,28.97791667,32.575,24.24,3.007532542,63.70833333,83,39,15.55209805,5.542295833,16.9979,0,4.708423761,1056,6767,7823
394,2,9,14,3,0,1,29.70416667,33.335,25.76,2.895094301,67.25,88,45,13.91667751,6.9587875,15.0013,0,5.65271348,1382,6651,8033
395,2,9,15,3,0,0,29.29333333,31.82,25.76,2.262993721,50.16666667,83,34,15.32450912,16.58389583,35.0008,0,10.05157059,3161,5575,8736
396,2,9,16,3,0,0,28.15625,31.06,24.24,3.052201718,57,77,39,12.02171947,6.042283333,11.0014,0,4.639321244,2168,5178,7346
397,2,9,17,3,0,1,27.6525,30.305,23.485,2.63454806,73.45833333,94,65,7.46574302,10.16669167,16.9979,0,6.125760387,1026,5856,6882
398,2,9,18,3,0,1,28.25333333,33.335,25.76,2.194156105,87.25,94,74,5.47126883,23.9583625,43.0006,11.0014,10.48655177,373,3718,4091
399,2,9,19,3,0,1,27.02020833,31.06,23.485,2.769083383,53.66666667,68,35,12.31706722,14.416725,23.9994,0,6.078098421,790,6820,7610
400,2,10,1,4,0,1,25.6,31.06,21.21,3.387991261,64.91666667,82,43,13.81529293,6.083879167,16.9979,0,5.23275221,770,6038,6808
401,2,10,2,4,0,1,27.11666667,28.79,25.76,0.705632104,87.16666667,94,73,5.997584055,6.999825,12.998,0,3.646742894,322,4357,4679
402,2,10,3,4,0,1,29.95666667,34.09,25,2.987766967,79.375,100,58,12.96085243,4.458570833,12.998,0,5.200236347,734,6872,7606
403,2,10,4,4,0,1,30.39875,33.335,27.275,1.97624438,72.29166667,94,47,16.79668489,7.875570833,22.0028,0,6.867184383,897,6475,7372
404,2,10,5,4,0,1,29.009375,32.575,25,2.933141332,62.75,83,37,15.58775997,7.12545,19.0012,0,6.496330563,1516,6680,8196
405,2,10,6,4,0,0,26.92604167,32.575,21.97,3.182569368,66.41666667,88,43,14.33729302,17.957675,35.0008,7.0015,8.030237623,3031,4946,7977
406,2,10,7,4,0,0,20.990625,21.97,17.425,1.059175554,70.83333333,93,54,11.89324495,9.4578875,16.9979,0,4.031923762,787,2766,3553
407,2,10,8,4,1,0,19.38041667,21.21,15.91,1.907258399,70.95833333,87,58,8.543897729,12.70850417,19.0012,6.0032,3.861033861,875,4618,5493
408,2,10,9,4,0,1,21.905625,25.76,16.665,2.86906185,76.16666667,87,63,7.463922891,12.7501,19.0012,6.0032,3.338826156,605,5802,6407
409,2,10,10,4,0,1,25.15708333,31.06,21.97,2.817527793,63.08333333,88,40,19.06263513,12.58399583,39.0007,0,9.889812584,789,6949,7738
410,2,10,11,4,0,1,21.55833333,25,16.665,2.244507144,46.33333333,66,31,9.639892957,12.16692083,26.0027,0,7.025974729,841,6756,7597
411,2,10,12,4,0,1,21.65354167,26.515,17.425,2.980172697,53.91666667,81,36,16.96266147,15.75114167,31.0009,6.0032,9.246055288,1060,6257,7317
412,2,10,13,4,0,0,19.56979167,24.24,14.395,3.272765909,49.45833333,66,31,11.34049752,9.791491667,19.9995,0,4.933472488,2255,4891,7146
413,2,10,14,4,0,0,25.41020833,31.06,20.455,4.094910276,64.04166667,82,39,15.27282089,18.6670375,30.0026,6.0032,6.239621441,2082,4578,6660
414,2,10,15,4,0,1,26.9575,30.305,22.725,1.88198034,70.75,88,59,7.397120474,19.8345125,26.0027,6.0032,5.395332305,762,5129,5891
415,2,10,16,4,0,1,23.04229167,25.76,20.455,1.772706712,55.83333333,71,39,11.81622564,12.20879583,27.9993,0,8.607402235,922,6614,7536
416,2,10,17,4,0,1,22.50541667,27.275,18.18,2.9345846,69.29166667,88,43,14.99414137,6.791845833,16.9979,0,6.021314973,984,6501,7485
417,2,10,18,4,0,1,25.63125,31.06,21.97,3.288635983,72.83333333,88,50,13.17661521,15.8748125,23.9994,0,4.794427663,1015,6524,7539
418,2,10,19,4,0,1,26.89479167,31.06,22.725,2.267694903,81.5,94,61,9.744563702,9.041929167,23.9994,0,7.686301912,756,4699,5455
419,2,11,1,4,0,1,18.49708333,20.455,15.91,1.625326667,58.16666667,75,50,6.169114281,10.54217083,16.9979,6.0032,2.765466294,467,5522,5989
420,2,11,2,4,0,1,17.80208333,21.21,15.15,2.199984643,52.20833333,70,40,11.68417423,17.833725,32.9975,7.0015,7.888023179,625,5249,5874
421,2,11,3,4,0,0,16.19229167,17.425,15.15,0.734663453,49.125,57,46,3.353291699,18.12545417,31.0009,7.0015,6.955703804,1035,4122,5157
422,2,11,4,4,0,0,16.476875,20.455,13.635,2.500196433,53.29166667,81,40,10.6136875,12.00025833,23.9994,0,6.192525176,1202,3909,5111
423,2,11,5,4,0,1,15.40375,19.695,13.635,1.620663612,49.41666667,60,40,5.671566509,15.833775,22.0028,8.9981,3.620065648,387,4897,5284
424,2,11,6,4,0,1,14.07833333,18.18,10.605,2.057915612,56.70833333,69,40,8.853784092,11.6253375,19.9995,6.0032,3.87591195,470,5253,5723
425,2,11,7,4,0,1,13.73104167,15.15,11.365,1.145627775,54.75,65,49,3.813591255,20.37525833,26.0027,15.0013,2.683929667,326,4737,5063
426,2,11,8,4,0,1,17.09456522,21.97,12.88,3.25288121,33.34782609,61,16,12.25712667,23.30493043,32.9975,15.0013,5.260296649,348,5008,5356
427,2,11,9,4,0,1,17.770625,22.725,13.635,3.290151745,54.08333333,81,36,12.76175219,14.37540833,27.9993,0,7.671442608,718,5285,6003
428,2,11,10,4,0,0,19.696875,25.76,12.88,4.015189045,64.54166667,93,37,17.67331363,3.875670833,12.998,0,4.347103413,2097,4459,6556
429,2,11,11,4,0,0,21.085625,31.06,15.15,4.260556024,65.91666667,89,33,18.16330909,8.5425,15.0013,0,4.031842528,2290,4573,6863
430,2,11,12,4,1,0,23.76916667,30.305,19.695,3.004699459,74.16666667,88,60,8.416684603,11.62561667,19.0012,0,5.554588193,1098,5186,6284
431,2,11,13,4,0,1,16.16125,25,11.365,3.180139199,66.29166667,88,40,17.86295454,22.91707083,43.0006,16.9979,5.830998936,329,3778,4107
432,2,11,14,4,0,1,14.078125,17.425,10.605,2.46651039,55.20833333,70,43,8.851328403,13.374875,26.0027,0,7.252089691,383,5142,5525
433,2,11,15,4,0,1,16.22458333,19.695,12.88,1.932816663,62.04166667,70,54,4.408284362,10.2501625,16.9979,0,3.778764006,328,5162,5490
434,2,11,16,4,0,1,17.36020833,21.21,15.15,2.187539555,52.45833333,70,35,10.69733476,11.458675,19.0012,6.0032,4.221152238,490,5242,5732
435,2,11,17,4,0,0,16.31916667,21.21,11.365,3.459757992,54.54166667,70,35,12.38154014,12.04185417,19.9995,6.0032,3.803678075,1318,4324,5642
436,2,11,18,4,0,0,16.88729167,21.21,13.635,2.561477995,69.29166667,81,54,7.920689291,15.2500375,22.0028,7.0015,4.204147143,930,3761,4691
437,2,11,19,4,0,1,18.78104167,21.97,16.665,2.010387687,62.33333333,66,54,4.851415452,15.74946667,19.9995,7.0015,3.259851045,458,5088,5546
438,2,12,1,4,0,0,15.84520833,20.455,12.12,2.526784982,80.66666667,93,62,7.245188308,4.000179167,16.9979,0,4.916456197,957,4247,5204
439,2,12,2,4,0,0,17.96041667,21.97,12.12,3.471834472,82.33333333,93,62,9.562911448,8.333404167,16.9979,0,5.280054674,892,3759,4651
440,2,12,3,4,0,1,22.78979167,31.06,17.425,3.989502933,76.75,93,53,13.31311873,5.542295833,12.998,0,4.403307293,555,5716,6271
441,2,12,4,4,0,1,23.45270833,31.06,18.94,2.667004092,73.375,93,49,13.81181756,11.66665417,19.9995,0,5.361907514,554,6064,6618
442,2,12,5,4,0,1,21.400625,25,13.635,3.322852138,48.5,67,33,10.79855063,21.70939583,32.9975,8.9981,5.819802252,333,5434,5767
443,2,12,6,4,0,1,12.91020833,17.425,10.605,2.327141594,50.875,65,39,7.685743437,11.70852917,19.9995,0,7.005935754,341,5056,5397
444,2,12,7,4,0,1,16.09791667,19.695,11.365,2.548970771,76.41666667,93,66,7.728640505,8.7502,12.998,0,3.625849689,355,4684,5039
445,2,12,8,4,0,0,19.47541667,21.21,17.425,1.171139279,91.125,100,82,5.093153973,6.792404167,19.0012,0,4.969469235,1162,4432,5594
446,2,12,9,4,0,0,19.50729167,20.455,17.425,1.208628381,90.54166667,100,82,4.925348513,10.584325,19.9995,6.0032,5.011473916,449,2809,3258
447,2,12,10,4,0,1,21.77875,25,18.18,1.976095871,92.5,100,77,6.365668789,12.75065833,19.0012,0,5.126123855,333,4869,5202
448,2,12,11,4,0,1,16.918125,22.725,14.395,2.463679562,59.66666667,77,50,9.48072033,19.8345125,31.0009,12.998,5.708155126,292,5230,5522
449,2,12,12,4,0,1,14.866875,18.18,12.12,1.741567767,53.83333333,65,42,6.465067784,10.9168125,19.0012,0,5.778033241,320,5039,5359
450,2,12,13,4,0,1,14.709375,17.425,11.365,2.118175134,48.58333333,60,34,8.855932262,11.66665417,19.0012,0,6.062004983,428,5112,5540
451,2,12,14,4,0,1,14.70958333,20.455,9.09,3.228751245,64.29166667,81,43,11.54002173,8.792354167,15.0013,0,3.500139799,438,5209,5647
452,2,12,15,4,0,0,16.91916667,21.21,12.88,2.611118645,65.04166667,87,47,11.98360897,7.12545,16.9979,0,5.101254685,768,4304,5072
453,2,12,16,4,0,0,18.496875,20.455,16.665,1.136513368,83.875,93,62,6.713467969,6.749691667,12.998,0,4.502822162,538,3253,3791
454,2,12,17,4,0,1,20.075,21.21,17.425,1.070806279,90.70833333,100,87,3.85023056,6.583308333,16.9979,0,5.822208289,222,4379,4601
455,2,12,18,4,0,1,20.48541667,24.24,16.665,2.315824539,66.625,94,41,21.52614689,14.83407917,32.9975,0,9.648944969,441,5139,5580
456,2,12,19,4,0,1,17.108125,21.21,12.12,3.110341381,62.54166667,87,50,11.21714203,12.33414167,26.0027,0,7.340478861,339,4963,5302
