Month,SUP_ID,Defects,Delivery,Unit_Cost,Flexibility
1,SUP_1,16.6,5,25.62,5.5
2,SUP_1,4.7,11,26.61,1.7
3,SUP_1,5.1,1,33.81,0.6
4,SUP_1,17.4,7,33.62,3.2
5,SUP_1,4.5,5,42.11,2.5
6,SUP_1,11,6,34.38,2
7,SUP_1,9.7,4,34.33,2.1
8,SUP_1,14.2,9,28.68,2.3
9,SUP_1,7.5,1,32.7,0.6
10,SUP_1,9.3,4,31.76,0.3
11,SUP_1,8.9,6,27.86,2.3
12,SUP_1,13,0,35.43,2.5
13,SUP_1,9.4,8,38.13,4
14,SUP_1,11.4,2,35.22,1.4
15,SUP_1,3.8,0,27.28,1.3
16,SUP_1,11.6,3,32.74,0.3
17,SUP_1,11.5,15,35.51,0.8
18,SUP_1,11.2,7,32.94,3.5
19,SUP_1,7.8,3,22.83,2.7
20,SUP_1,14,9,26.49,2.4
21,SUP_1,14.7,5,32.46,2.5
22,SUP_1,13.4,1,24.14,0.8
23,SUP_1,19.1,2,27.17,0.1
24,SUP_1,10.5,6,31.84,0.9
25,SUP_1,14.8,2,31.37,0.8
26,SUP_1,10.2,6,33.25,1.7
27,SUP_1,10.2,1,22.85,1.8
28,SUP_1,3.1,7,38.13,3.2
29,SUP_1,6.1,4,36.91,0.5
30,SUP_1,19.2,6,34.06,0.6
31,SUP_1,11.7,7,34.08,2.3
32,SUP_1,16,1,29.79,2.3
33,SUP_1,12.6,6,29.28,2.1
34,SUP_1,0,4,31.82,1.7
35,SUP_1,9.2,3,24.17,1.8
36,SUP_1,10.6,0,28.86,3
37,SUP_1,8.2,7,23.06,2
38,SUP_1,7.6,4,30.3,1.2
39,SUP_1,6.5,5,26.03,3
40,SUP_1,0,6,31.71,2.2
41,SUP_1,7.8,3,33.79,2.3
42,SUP_1,11,2,29.67,3.5
43,SUP_1,9.8,6,37.39,3
44,SUP_1,12.2,6,29.34,2
45,SUP_1,4.6,7,41.39,2.7
46,SUP_1,11.7,5,20.59,1.6
47,SUP_1,13.3,7,33.54,1.6
48,SUP_1,3.9,4,24.67,3.3
49,SUP_1,3.3,2,28.26,4.3
50,SUP_1,3.5,6,25.28,3.5
51,SUP_1,4.1,4,27.16,1.8
52,SUP_1,0,4,31.98,1.5
53,SUP_1,7.1,3,26.36,2.4
54,SUP_1,7.1,9,33.22,1.8
55,SUP_1,11.9,3,32.46,2.4
56,SUP_1,10.2,4,28.85,2.2
57,SUP_1,2.6,4,35.09,1.3
58,SUP_1,14.8,10,25.11,2
59,SUP_1,8.7,4,17.64,1
60,SUP_1,6.8,3,30.93,2.8
1,SUP_2,10,4,36.95,0.9
2,SUP_2,9.7,5,35.29,1.6
3,SUP_2,9.4,6,35.15,0.4
4,SUP_2,10.6,5,35.23,2.3
5,SUP_2,8.7,6,32.96,5.7
6,SUP_2,10.5,6,35.35,3.6
7,SUP_2,9.5,6,34.84,1.4
8,SUP_2,8.8,5,33.74,1.7
9,SUP_2,9.3,4,36.81,2.5
10,SUP_2,9.9,4,35.63,0.4
11,SUP_2,11.1,4,35.68,2.9
12,SUP_2,11.1,6,33.32,2.3
13,SUP_2,10.4,4,33.81,1.6
14,SUP_2,11.2,5,35.42,0
15,SUP_2,9.5,3,34.69,0.1
16,SUP_2,9.2,4,35.09,1.5
17,SUP_2,9.7,5,35.26,2.4
18,SUP_2,9.8,5,34.28,1.5
19,SUP_2,11.3,5,33.75,2.1
20,SUP_2,11,5,33.78,0.3
21,SUP_2,9.4,6,36.39,3
22,SUP_2,11.4,5,34.03,1.9
23,SUP_2,10.3,5,35.05,2.3
24,SUP_2,9.3,4,34.63,1.6
25,SUP_2,8.8,5,35.06,1.2
26,SUP_2,9,6,36.22,3.1
27,SUP_2,8.4,6,34.44,1.5
28,SUP_2,8.1,5,35.45,2.7
29,SUP_2,10.6,5,35.51,1.4
30,SUP_2,9,5,35.84,0.9
31,SUP_2,10.4,5,35.1,1.5
32,SUP_2,11,7,34.39,3.3
33,SUP_2,9.9,5,33.77,3.3
34,SUP_2,10,5,35.76,1.8
35,SUP_2,10.2,4,33.78,2.3
36,SUP_2,10.8,4,34.14,0.8
37,SUP_2,9.4,5,33.93,2
38,SUP_2,9.6,6,34.18,3.7
39,SUP_2,10.7,5,35.97,3.1
40,SUP_2,9.6,6,35.11,1.8
41,SUP_2,11.3,6,34.43,3.7
42,SUP_2,10.9,5,34.53,3.5
43,SUP_2,11.5,4,36.14,1.4
44,SUP_2,10.6,3,36.92,3
45,SUP_2,7.8,4,34.7,1.7
46,SUP_2,10.1,5,34.99,2
47,SUP_2,10.7,4,32.45,0.9
48,SUP_2,8.1,5,35.18,0.9
49,SUP_2,10,4,34.15,1.3
50,SUP_2,9.3,6,33.98,1.7
51,SUP_2,11.1,5,34.43,1.5
52,SUP_2,9.9,6,35.01,3.9
53,SUP_2,11.4,4,35.61,2
54,SUP_2,9,5,35.48,2.4
55,SUP_2,8.9,6,35.5,3.4
56,SUP_2,9.4,4,34.66,1.3
57,SUP_2,8.4,7,32.92,0.6
58,SUP_2,10.6,6,36.34,2.5
59,SUP_2,9.5,6,33.8,2.1
60,SUP_2,9.9,5,36.64,1.9
1,SUP_3,27.5,45,18.58,7.3
2,SUP_3,28.8,24,16.97,9.3
3,SUP_3,30.7,36,19.1,12.7
4,SUP_3,31.3,37,20.4,5.1
5,SUP_3,36,32,21.01,9.2
6,SUP_3,31.7,34,19.15,15
7,SUP_3,29.9,27,22.59,6.7
8,SUP_3,32.5,38,21.35,9.5
9,SUP_3,35.9,35,18.64,13.4
10,SUP_3,26.5,37,20.71,10.8
11,SUP_3,31.3,38,21.13,7.3
12,SUP_3,34,36,21.61,11.3
13,SUP_3,20.8,35,20.58,9.8
14,SUP_3,31.5,38,23.65,10.6
15,SUP_3,33,47,19.81,11.7
16,SUP_3,40.5,39,22.35,11.1
17,SUP_3,27.3,34,15.9,11
18,SUP_3,20.8,34,17.93,6.2
19,SUP_3,22.5,44,22.62,8.7
20,SUP_3,32.6,43,20.07,10.1
21,SUP_3,26.8,36,16.45,7.5
22,SUP_3,31.1,34,19.14,11.3
23,SUP_3,28.5,28,20.34,7.4
24,SUP_3,23.1,29,20.43,4.5
25,SUP_3,27,30,17.38,8
26,SUP_3,31.4,34,22.34,9
27,SUP_3,25.9,31,22.66,13.1
28,SUP_3,33.7,30,20.17,8.9
29,SUP_3,30.3,33,19.44,9.7
30,SUP_3,35.5,36,22.31,11.6
31,SUP_3,26.9,35,21.23,4.6
32,SUP_3,33.6,39,21.58,12.3
33,SUP_3,22.6,29,20.15,10.7
34,SUP_3,29.4,27,18.86,10.2
35,SUP_3,26.3,35,16.02,5.1
36,SUP_3,22.1,22,18.18,12.1
37,SUP_3,23.9,40,17.31,10.3
38,SUP_3,36.4,34,17.76,12.9
39,SUP_3,36.2,28,20.87,9.8
40,SUP_3,29.6,31,21.48,12.6
41,SUP_3,26.3,34,20.24,12.3
42,SUP_3,31.9,40,22.9,5.4
43,SUP_3,18.5,33,18.18,11.8
44,SUP_3,32.7,48,21.86,13.2
45,SUP_3,34.4,31,19.08,10.1
46,SUP_3,23.6,38,19.7,11
47,SUP_3,31.8,35,18.39,9.1
48,SUP_3,38,33,18.1,13.7
49,SUP_3,25.3,32,21.09,12.2
50,SUP_3,34.4,31,23.46,11.7
51,SUP_3,38.8,34,19.8,3.3
52,SUP_3,31,32,21.83,11.2
53,SUP_3,33.9,37,19.25,6.6
54,SUP_3,25.7,34,22.16,12.1
55,SUP_3,28.6,27,19.44,7.4
56,SUP_3,30.9,30,19.95,7.2
57,SUP_3,34.7,35,20.57,8.2
58,SUP_3,24.1,37,20.02,12.4
59,SUP_3,32.7,39,20.52,16
60,SUP_3,36,34,20.12,9.1
1,SUP_4,28.1,35,23.21,1.8
2,SUP_4,26.8,36,17.89,3.1
3,SUP_4,42.9,32,22.89,0
4,SUP_4,37.6,39,22.03,1.4
5,SUP_4,31.2,27,21.08,1.5
6,SUP_4,31.9,39,17.45,3.7
7,SUP_4,32,34,19.32,1.5
8,SUP_4,33.8,24,17.82,1.9
9,SUP_4,36.5,36,22.88,3.6
10,SUP_4,34.3,27,21.03,2.3
11,SUP_4,29.1,36,17.18,4.1
12,SUP_4,28.8,27,19.8,1.8
13,SUP_4,34.2,30,25.17,2.1
14,SUP_4,36.7,37,19.58,4.2
15,SUP_4,27,38,23.04,2.1
16,SUP_4,30.5,34,18.82,1.8
17,SUP_4,27.8,37,14.5,2
18,SUP_4,33,46,22.07,2
19,SUP_4,37.2,36,17.91,2.7
20,SUP_4,39,36,22.35,1.5
21,SUP_4,42,35,20.43,2.2
22,SUP_4,34.9,29,22.75,2.5
23,SUP_4,19.7,27,18.14,3.5
24,SUP_4,32.3,32,16,2.6
25,SUP_4,34.1,28,19.72,1.9
26,SUP_4,38.4,39,23.57,2.6
27,SUP_4,30.1,43,20.02,1.8
28,SUP_4,34.9,24,15.08,2.4
29,SUP_4,24.3,35,16.43,2.1
30,SUP_4,36.5,32,18.85,1.4
31,SUP_4,29.2,31,19.59,1.9
32,SUP_4,27.8,32,22.11,3.2
33,SUP_4,30.4,39,22.89,2.1
34,SUP_4,29.8,36,20.1,2.2
35,SUP_4,29.8,32,20.96,2.1
36,SUP_4,34.2,35,20.05,1.8
37,SUP_4,26.1,41,20.96,0
38,SUP_4,34.6,37,18.38,3.5
39,SUP_4,31.5,35,21.79,3.2
40,SUP_4,34,32,16.81,1.9
41,SUP_4,35.1,28,19.3,2.6
42,SUP_4,36.8,35,19.84,2
43,SUP_4,21.9,32,22.66,0.8
44,SUP_4,33,36,20.57,1
45,SUP_4,32.6,34,21.7,1.7
46,SUP_4,37.3,47,16.89,1.8
47,SUP_4,26.2,49,23.17,2.1
48,SUP_4,32.5,30,19.79,1
49,SUP_4,28.1,33,19.53,2
50,SUP_4,27.7,34,20.83,1.3
51,SUP_4,35.9,46,20.48,1.6
52,SUP_4,24.9,37,18.43,2.1
53,SUP_4,29.9,36,18.19,0
54,SUP_4,24.7,35,21.91,1.2
55,SUP_4,36.2,33,20.73,0.5
56,SUP_4,33.6,40,22.32,4.6
57,SUP_4,37.8,35,20.88,2
58,SUP_4,34.6,28,21.27,1.7
59,SUP_4,25.1,26,19.89,1.2
60,SUP_4,31.5,42,21.72,2.2
1,SUP_5,0,33,25.29,2.7
2,SUP_5,10.6,36,9.7,3.2
3,SUP_5,2,33,30.76,3.8
4,SUP_5,14.4,28,19.39,1.5
5,SUP_5,9.8,37,24.06,0
6,SUP_5,5.9,31,17.64,2.3
7,SUP_5,11,39,22.81,1.1
8,SUP_5,5.1,32,20.67,0.6
9,SUP_5,13.2,31,24.6,1.4
10,SUP_5,5,40,19.2,1.4
11,SUP_5,6.6,40,17.11,3.4
12,SUP_5,7.6,35,22.02,3.4
13,SUP_5,0.2,32,15.34,1.1
14,SUP_5,7.4,37,29.8,2.8
15,SUP_5,11.8,26,24.06,0.4
16,SUP_5,8.9,35,29.49,1.8
17,SUP_5,10.5,37,13.3,2.3
18,SUP_5,11.1,34,25.94,2.8
19,SUP_5,8.4,43,20.42,3.3
20,SUP_5,5,31,17.84,1.5
21,SUP_5,14.2,36,15.52,0.6
22,SUP_5,9.2,29,26.33,2.4
23,SUP_5,8.4,33,19.04,1.3
24,SUP_5,4.5,25,20.19,3
25,SUP_5,10,42,10.98,1.2
26,SUP_5,10.7,37,22.44,1.4
27,SUP_5,6,39,29.81,2
28,SUP_5,12.9,36,20,0
29,SUP_5,12.8,39,10.37,3.2
30,SUP_5,6.1,35,25.23,3.4
31,SUP_5,15.4,33,17.3,3.3
32,SUP_5,9.7,37,17.18,3
33,SUP_5,15.7,36,20.29,0.9
34,SUP_5,10.6,30,22.85,2
35,SUP_5,11.3,34,26.61,2.7
36,SUP_5,8.8,41,22.92,2.4
37,SUP_5,12.9,36,26.02,1.1
38,SUP_5,2.3,35,12.49,1.3
39,SUP_5,9.5,39,19.89,1.6
40,SUP_5,5.8,38,21.06,2.3
41,SUP_5,13.7,29,15.55,2.8
42,SUP_5,18.3,36,17.35,2.3
43,SUP_5,14,36,14.53,2.4
44,SUP_5,9.5,40,19.09,2.7
45,SUP_5,13.2,42,20.34,3.2
46,SUP_5,8.5,40,21.96,3.2
47,SUP_5,8.1,29,26.27,4
48,SUP_5,5.6,39,20.93,0.8
49,SUP_5,3.5,37,18.14,1.6
50,SUP_5,14.2,37,23.98,2.8
51,SUP_5,10,38,11.64,1.7
52,SUP_5,6,40,23.42,2.4
53,SUP_5,0.4,37,23.62,1.8
54,SUP_5,18.5,35,22.15,3.5
55,SUP_5,7.4,27,37.83,0.5
56,SUP_5,6.8,27,22.92,1
57,SUP_5,3.6,29,20.33,2.1
58,SUP_5,3.2,33,24.38,3.4
59,SUP_5,10.5,38,19.67,2.7
60,SUP_5,10.8,35,20.59,3.7
1,SUP_6,39,4,19,3.6
2,SUP_6,22.2,3,23.14,7.1
3,SUP_6,29.5,10,18.06,5
4,SUP_6,20.8,3,12.42,9
5,SUP_6,23.4,4,28.94,9.4
6,SUP_6,29.3,4,15.44,14.5
7,SUP_6,40.3,9,16.19,5.5
8,SUP_6,27.6,6,21.03,11
9,SUP_6,39.4,8,22.03,14
10,SUP_6,25.1,7,31.74,8.2
11,SUP_6,33.8,4,19.46,8.6
12,SUP_6,26.9,5,14.91,13.6
13,SUP_6,24.5,6,23.26,10.5
14,SUP_6,34.7,6,18.06,8
15,SUP_6,30.8,2,25.44,7.3
16,SUP_6,33,11,14.73,10.9
17,SUP_6,32.5,4,21.92,13.1
18,SUP_6,27,7,23.35,7.8
19,SUP_6,25.9,6,29.03,7.4
20,SUP_6,28,0,14.65,10.5
21,SUP_6,31.1,7,23.47,10.8
22,SUP_6,35,3,15.75,7.3
23,SUP_6,23.3,1,17.42,8.7
24,SUP_6,22.4,1,16.56,4.4
25,SUP_6,29.8,9,23.35,7.2
26,SUP_6,31.6,9,20.72,6
27,SUP_6,33.8,5,9.62,4.5
28,SUP_6,26.8,2,18.58,10.2
29,SUP_6,32.5,4,13.63,10.2
30,SUP_6,31.9,7,25.67,9.3
31,SUP_6,30.5,2,20.71,7.6
32,SUP_6,32.7,4,9.85,13.3
33,SUP_6,21.7,9,19.42,9
34,SUP_6,24.1,4,18.03,4.4
35,SUP_6,32.9,7,17.75,14.4
36,SUP_6,29,5,18.07,9.7
37,SUP_6,31.6,3,14.18,9.8
38,SUP_6,30.7,0,20,8.1
39,SUP_6,34.6,5,22.05,10.6
40,SUP_6,26.5,6,19.71,3.6
41,SUP_6,29.2,8,16.24,11.5
42,SUP_6,27,6,27.12,6.2
43,SUP_6,40,11,12.47,11.6
44,SUP_6,39.5,5,19.59,11.3
45,SUP_6,21.8,6,16.39,18.8
46,SUP_6,28.6,4,20.53,3.9
47,SUP_6,31.4,8,8.22,7.2
48,SUP_6,31.8,5,25.57,6.8
49,SUP_6,30.4,3,23.62,5.8
50,SUP_6,28.9,9,14.88,5.7
51,SUP_6,26.9,3,15.81,9.1
52,SUP_6,31.7,5,20.25,10.3
53,SUP_6,29,13,15.08,11.1
54,SUP_6,27.6,7,11.22,0.6
55,SUP_6,29.1,9,22.36,2.4
56,SUP_6,33.1,9,15.72,4.9
57,SUP_6,37.2,8,17.93,6.6
58,SUP_6,27.1,1,17.88,9.8
59,SUP_6,36.9,10,22.89,9.4
60,SUP_6,31.7,8,9.92,10.4
1,SUP_6,14.5,7,24.44,1.3
2,SUP_6,5.1,1,26.23,2.2
3,SUP_6,15.8,3,33.11,2.1
4,SUP_6,26.1,3,36.7,0.8
5,SUP_6,14.8,3,27.2,3.5
6,SUP_6,4.9,8,30.12,2.3
7,SUP_6,9.9,6,27.41,1.6
8,SUP_6,11.6,4,31.59,2.4
9,SUP_6,13.2,6,26.43,3.4
10,SUP_6,3.5,4,30.8,2.1
11,SUP_6,6.8,7,26.54,1.9
12,SUP_6,12.4,4,29,2.4
13,SUP_6,5.5,7,26.8,0.9
14,SUP_6,10.8,3,24.91,1.9
15,SUP_6,9.1,9,29.08,3
16,SUP_6,6,9,25.33,2.1
17,SUP_6,8.6,8,37.68,1.1
18,SUP_6,11,3,29.45,1.6
19,SUP_6,12.9,5,25.98,3
20,SUP_6,11.5,1,42.9,1.9
21,SUP_6,0,2,28.06,1.9
22,SUP_6,12.9,6,33.12,1.4
23,SUP_6,13.7,6,34.86,1.6
24,SUP_6,0.6,7,31.67,2.6
25,SUP_6,10.9,7,32.2,0.9
26,SUP_6,13.6,2,43.62,0.9
27,SUP_6,4.7,7,34.44,1.4
28,SUP_6,10.3,1,29.82,0.1
29,SUP_6,13.5,3,32.89,1.1
30,SUP_6,4.9,6,24.45,2.3
31,SUP_6,14.1,5,30.95,1.4
32,SUP_6,2.8,3,31.91,1.6
33,SUP_6,0,5,25.13,1.6
34,SUP_6,10.7,7,31.09,1.5
35,SUP_6,0,8,22,3.2
36,SUP_6,4.1,11,36.06,1
37,SUP_6,4.8,11,22.37,4.2
38,SUP_6,12.3,13,25.55,1.9
39,SUP_6,9.6,8,34.06,5
40,SUP_6,5.7,0,26.34,1.1
41,SUP_6,10.6,3,32.07,4.3
42,SUP_6,6.2,5,34.88,1.2
43,SUP_6,9.5,8,31.78,2.1
44,SUP_6,12.1,5,34.09,0.8
45,SUP_6,19.5,3,34.22,1.8
46,SUP_6,3.4,5,37.11,0.4
47,SUP_6,4.6,9,34.76,2.5
48,SUP_6,9.9,0,33.72,1.8
49,SUP_6,16.3,2,28.45,1.3
50,SUP_6,10.2,7,34.56,1.8
51,SUP_6,13.3,2,27.07,2.2
52,SUP_6,3.2,3,27.13,2.1
53,SUP_6,9.6,6,27.25,1.9
54,SUP_6,15.8,6,30.35,0.8
55,SUP_6,5,6,26.16,0
56,SUP_6,13.4,1,27.2,1.1
57,SUP_6,5.3,4,28.58,1.3
58,SUP_6,7.2,3,34.11,1.5
59,SUP_6,17.2,8,31.86,1.9
60,SUP_6,14.9,1,29.13,1.4
1,SUP_7,9.1,4,34.51,1.3
2,SUP_7,8.3,5,34.75,3.4
3,SUP_7,9.6,4,36.85,0.2
4,SUP_7,8.8,6,34.94,2.4
5,SUP_7,9.8,6,35.38,2.8
6,SUP_7,10.3,4,35.62,2.2
7,SUP_7,9.8,7,33.14,1.4
8,SUP_7,11.9,5,34.46,0.1
9,SUP_7,10.8,6,34.81,1.9
10,SUP_7,10,5,35.95,1.7
11,SUP_7,10.7,6,34.91,2.6
12,SUP_7,9.3,4,35.61,3.7
13,SUP_7,9.6,4,33.64,2.4
14,SUP_7,8.5,5,35.03,2.6
15,SUP_7,9.2,5,35.37,1.9
16,SUP_7,11.9,4,36.41,3.6
17,SUP_7,10.1,5,34.92,1.2
18,SUP_7,11.3,5,35.42,1.8
19,SUP_7,11.5,6,35.22,1.3
20,SUP_7,9.6,3,36.48,2.1
21,SUP_7,10.9,4,34.6,1.6
22,SUP_7,8.5,3,35.13,2.7
23,SUP_7,9.7,5,35.27,1.2
24,SUP_7,10.6,5,37.31,3.4
25,SUP_7,9.1,5,34.02,2.4
26,SUP_7,10.5,5,32.83,2
27,SUP_7,12,5,35.15,1.9
28,SUP_7,10.2,5,33.66,1
29,SUP_7,10.5,6,35.44,1.7
30,SUP_7,10.6,5,36.37,3.1
31,SUP_7,8.5,6,34.48,3.4
32,SUP_7,9.9,5,33.77,3.1
33,SUP_7,10.4,4,36.6,1.7
34,SUP_7,8.7,6,33.86,2.1
35,SUP_7,11.2,5,36.01,2
36,SUP_7,8.9,5,34.51,3.9
37,SUP_7,9.1,5,34.93,1.3
38,SUP_7,10.7,5,35.75,4.3
39,SUP_7,9.7,4,35.39,4
40,SUP_7,8.1,4,34.55,2.3
41,SUP_7,10.6,4,34.4,0
42,SUP_7,10,5,35.2,1.6
43,SUP_7,8.6,5,34.64,3.4
44,SUP_7,10.4,5,35.14,1.8
45,SUP_7,10.5,4,33.6,0.5
46,SUP_7,11.3,5,35.88,2.1
47,SUP_7,9.6,6,35.79,2.5
48,SUP_7,9.2,5,32.82,2.8
49,SUP_7,11,5,35.59,2.3
50,SUP_7,10.1,3,35.48,2.7
51,SUP_7,9.8,4,35.4,3.3
52,SUP_7,10.1,5,37.78,3.2
53,SUP_7,8.3,4,34.19,2.9
54,SUP_7,11.3,4,33.71,2
55,SUP_7,11.6,5,34.61,0.5
56,SUP_7,9.9,7,32.52,0.9
57,SUP_7,8.6,2,32.96,1.8
58,SUP_7,11.2,5,34.77,1.4
59,SUP_7,9,5,34.94,2.9
60,SUP_7,10.5,4,36.2,2.7
1,SUP_8,15.7,35,19.38,7.3
2,SUP_8,27.6,31,16.81,10.4
3,SUP_8,34.7,37,16.76,5.6
4,SUP_8,31.4,42,22.38,8
5,SUP_8,30.3,39,17.2,7.9
6,SUP_8,37.3,34,19.89,11.2
7,SUP_8,28.6,33,20.3,7
8,SUP_8,21.4,35,23.04,9.3
9,SUP_8,29.4,33,21.74,10
10,SUP_8,29.8,25,22.13,5.3
11,SUP_8,39.7,40,16.2,6.7
12,SUP_8,31.7,43,17.54,12.7
13,SUP_8,35,33,17.17,7.6
14,SUP_8,37.6,36,20.7,8
15,SUP_8,25.3,32,23.58,7.9
16,SUP_8,27.7,35,19.01,15.8
17,SUP_8,23.2,31,19.31,9.5
18,SUP_8,27.6,40,21.08,3.5
19,SUP_8,27.4,40,19.22,11.1
20,SUP_8,25.5,31,18.12,8
21,SUP_8,28.4,36,23.47,8.1
22,SUP_8,25.9,40,19.55,7.3
23,SUP_8,23.7,39,19.7,5.7
24,SUP_8,21.6,40,22.33,10.1
25,SUP_8,28.7,27,22.05,7.9
26,SUP_8,22.6,37,21.1,18.2
27,SUP_8,30.9,29,20.28,11.7
28,SUP_8,21.6,44,19.17,7.5
29,SUP_8,25.8,35,21.18,6.4
30,SUP_8,31.8,31,19.85,9.9
31,SUP_8,33.9,26,17.8,9.2
32,SUP_8,26.7,32,22.89,11.3
33,SUP_8,21.3,45,18.71,8.1
34,SUP_8,27.1,38,17.97,6.1
35,SUP_8,23.1,34,19.27,4.8
36,SUP_8,23.6,29,19.9,13.3
37,SUP_8,31.9,44,18.55,10
38,SUP_8,38.6,36,18.44,11
39,SUP_8,34.7,32,20.99,8.2
40,SUP_8,34,39,20.45,5.9
41,SUP_8,29,37,20,6.1
42,SUP_8,28.4,34,19.8,11.5
43,SUP_8,33.2,34,21.43,10.5
44,SUP_8,40,34,19.55,12.3
45,SUP_8,25.5,30,18.88,10.3
46,SUP_8,25,38,18.75,7.4
47,SUP_8,26.2,39,22.25,4.1
48,SUP_8,36.7,34,24.11,6.4
49,SUP_8,27.3,33,20.05,10.3
50,SUP_8,33.6,30,18.42,3.9
51,SUP_8,28.6,32,19.58,4.3
52,SUP_8,19.5,29,22.06,9.8
53,SUP_8,31.9,37,20.56,14.6
54,SUP_8,30.8,44,21.71,13.5
55,SUP_8,37,31,16.89,8.7
56,SUP_8,36,36,17.16,8.3
57,SUP_8,32.1,27,18.59,7.2
58,SUP_8,32.1,35,17.23,10.4
59,SUP_8,26.7,27,22.18,6.6
60,SUP_8,32.4,38,18.2,11.2
1,SUP_9,32.3,29,21.17,3.1
2,SUP_9,26.4,43,24.4,0
3,SUP_9,29.6,36,21.07,2.6
4,SUP_9,38.2,34,23.51,0
5,SUP_9,31.6,40,17.59,2.1
6,SUP_9,28.2,32,20.17,1.7
7,SUP_9,23.3,33,20.18,2.8
8,SUP_9,35.5,32,19.76,1
9,SUP_9,28.1,45,25.11,1.9
10,SUP_9,26.5,29,19.17,4.3
11,SUP_9,37.2,32,23.46,1.3
12,SUP_9,24.6,34,19.54,3.1
13,SUP_9,21.7,38,23.27,3
14,SUP_9,30.3,43,22.29,1.8
15,SUP_9,31.3,37,23.87,3.1
16,SUP_9,36.7,44,17.22,0
17,SUP_9,37,37,18.11,2
18,SUP_9,38.1,31,22.37,0.3
19,SUP_9,27.3,31,19.49,1.4
20,SUP_9,25.3,40,18.72,2.7
21,SUP_9,32.3,27,22.93,1.3
22,SUP_9,27.5,37,19.95,2.3
23,SUP_9,35.3,35,22.31,2.2
24,SUP_9,35,38,20.77,2.2
25,SUP_9,30.4,29,17.23,4.3
26,SUP_9,23.5,38,18.45,0
27,SUP_9,21.6,36,18.94,3.4
28,SUP_9,31.6,32,18.39,1.4
29,SUP_9,25.2,39,21.77,2.6
30,SUP_9,37.8,32,22.28,2
31,SUP_9,21.3,38,20.98,2.7
32,SUP_9,23.9,34,16.65,2.5
33,SUP_9,35.8,31,20.62,2.3
34,SUP_9,21.5,45,22.12,1.9
35,SUP_9,27.8,44,21.62,1.6
36,SUP_9,36.6,39,18.69,1.4
37,SUP_9,30.2,39,17.86,2.3
38,SUP_9,29.1,40,21.81,2.3
39,SUP_9,35.3,28,20.63,1.5
40,SUP_9,29.2,35,21.45,2.7
41,SUP_9,31.2,46,17.8,2.2
42,SUP_9,34.6,37,21.36,1.7
43,SUP_9,33.4,40,18.87,1.2
44,SUP_9,31.7,36,18.61,2.5
45,SUP_9,35.6,33,20.66,0.6
46,SUP_9,28.8,25,19.52,2.8
47,SUP_9,32.9,30,20.75,2.6
48,SUP_9,27.4,45,17.7,3.2
49,SUP_9,24,31,24.63,2.1
50,SUP_9,29,37,22.5,0
51,SUP_9,30.1,36,17.65,3.7
52,SUP_9,36.4,27,19.39,1.2
53,SUP_9,34.2,38,21.04,0.3
54,SUP_9,31.9,34,21.92,0.7
55,SUP_9,32.4,36,21.41,0.8
56,SUP_9,31.7,41,22.23,0
57,SUP_9,25.9,37,22.18,1.9
58,SUP_9,30.6,39,22.31,3.2
59,SUP_9,27.9,36,21.52,2.3
60,SUP_9,21.1,40,20.76,2.5
1,SUP_10,10.6,31,10.76,1.4
2,SUP_10,3.9,28,20.78,2.7
3,SUP_10,17.3,43,19.86,0
4,SUP_10,0.3,28,29.3,1.8
5,SUP_10,11.9,36,21.32,3.6
6,SUP_10,20,40,24.57,1.9
7,SUP_10,7,30,15.66,2.5
8,SUP_10,23.8,28,24.44,3.1
9,SUP_10,6.1,30,21.38,1.8
10,SUP_10,11.9,37,18.97,1.8
11,SUP_10,4.3,33,11.93,0.8
12,SUP_10,8.7,39,22.38,3.4
13,SUP_10,11.6,39,12.06,1.4
14,SUP_10,3.9,43,22.67,1.8
15,SUP_10,10.6,36,19.58,1.5
16,SUP_10,16.3,43,17.7,1.2
17,SUP_10,17.1,38,18.99,1.3
18,SUP_10,8.6,35,15.15,1.8
19,SUP_10,0,37,20.11,1.2
20,SUP_10,16.1,40,13.16,1.2
21,SUP_10,2,33,22.61,1.9
22,SUP_10,10.4,27,12.14,3.8
23,SUP_10,5.1,39,20.8,2.1
24,SUP_10,10.1,41,18.88,2
25,SUP_10,4.8,38,20.28,3.3
26,SUP_10,10.1,37,16.06,2.5
27,SUP_10,7.5,32,17.18,0.8
28,SUP_10,8.7,33,28.3,3.1
29,SUP_10,6.5,43,24.27,2.3
30,SUP_10,10.2,39,15.27,2.9
31,SUP_10,13.6,34,19.68,2.6
32,SUP_10,8.1,31,16.01,1.7
33,SUP_10,16.6,31,18.77,0
34,SUP_10,10.8,37,15.98,2.6
35,SUP_10,5.2,30,24.65,2.9
36,SUP_10,12.5,34,22.11,0.2
37,SUP_10,12.8,27,13.74,2.6
38,SUP_10,1.4,40,20.07,1.5
39,SUP_10,7.9,31,26.78,2.2
40,SUP_10,6.1,33,14.73,0.6
41,SUP_10,20.5,34,19.7,1.8
42,SUP_10,14,44,20.94,1.5
43,SUP_10,13.1,35,18.64,1.4
44,SUP_10,7.2,27,29.23,2.4
45,SUP_10,8.9,31,23.75,0.2
46,SUP_10,9.2,43,20.51,1.3
47,SUP_10,11,34,15.45,2.8
48,SUP_10,3.9,27,16.1,0.9
49,SUP_10,4.3,38,31.71,1.4
50,SUP_10,6.1,38,22.48,2.4
51,SUP_10,8.9,34,15.06,0.5
52,SUP_10,12.4,32,11.73,1.9
53,SUP_10,7.4,36,27.15,1.5
54,SUP_10,12.1,36,24.77,2
55,SUP_10,4.1,38,21.73,1.2
56,SUP_10,13.1,38,21.83,2.4
57,SUP_10,20,34,13.11,0.5
58,SUP_10,4.3,34,23.67,1.2
59,SUP_10,9.8,32,19.07,2.6
60,SUP_10,20.6,28,19.01,1.8
1,SUP_11,37.6,3,24.36,6.9
2,SUP_11,22.9,8,24.13,10.4
3,SUP_11,32.7,0,19.58,12.3
4,SUP_11,26.9,0,18.97,13.3
5,SUP_11,30.8,3,22.33,7.5
6,SUP_11,32.5,3,15.78,9.2
7,SUP_11,30.7,4,17.71,9.9
8,SUP_11,30,8,25.09,12.7
9,SUP_11,32.7,5,26.13,12.8
10,SUP_11,31.2,3,19.86,13.2
11,SUP_11,30.4,4,16.1,3.1
12,SUP_11,27.7,5,12.71,7
13,SUP_11,35.2,6,23.97,6.4
14,SUP_11,30.9,4,18.12,8.5
15,SUP_11,30.1,1,11.87,3.8
16,SUP_11,32.1,9,12.26,7
17,SUP_11,34,5,17.55,10.4
18,SUP_11,32.3,4,19.32,12
19,SUP_11,32.2,5,15.78,8
20,SUP_11,22.7,2,18.73,10.5
21,SUP_11,35,8,21.41,16
22,SUP_11,27.8,4,13.18,6
23,SUP_11,32.7,5,25.02,9.9
24,SUP_11,27.7,6,6.67,10.1
25,SUP_11,23.1,4,24.36,7.6
26,SUP_11,27,4,21.56,9.2
27,SUP_11,22.2,7,23.12,9.2
28,SUP_11,27.5,6,12.91,10.3
29,SUP_11,34.4,6,24.59,7.3
30,SUP_11,23.1,8,16.93,10.4
31,SUP_11,37,4,17.83,10.8
32,SUP_11,36.7,1,22.51,7.6
33,SUP_11,33.3,7,18.19,9.9
34,SUP_11,37.9,4,32.87,7.4
35,SUP_11,27.1,6,21.87,2.2
36,SUP_11,37.7,10,21.07,7.5
37,SUP_11,35.6,3,31.19,10.4
38,SUP_11,28.6,0,7.75,9.6
39,SUP_11,26.7,7,30.31,11.2
40,SUP_11,20.3,4,23.99,5.9
41,SUP_11,32.1,7,26.79,13.2
42,SUP_11,28,1,23.68,8.7
43,SUP_11,32.8,2,10.67,4.5
44,SUP_11,28.3,4,23.7,5
45,SUP_11,22.4,6,14.83,10.1
46,SUP_11,30.2,9,22.56,14.6
47,SUP_11,21.5,7,21.32,8.1
48,SUP_11,32,5,15.42,11.8
49,SUP_11,29.8,7,18.39,11.3
50,SUP_11,37.6,0,21.72,9.7
51,SUP_11,29.9,1,22.93,3
52,SUP_11,27.2,1,21.84,14.3
53,SUP_11,29.4,5,25.58,11.8
54,SUP_11,25.2,2,15.26,6.1
55,SUP_11,30,0,20.36,10.2
56,SUP_11,26.8,6,22.3,16.2
57,SUP_11,33,4,12.84,3
58,SUP_11,34.3,0,23.87,9.4
59,SUP_11,38.3,6,29.51,11.9
60,SUP_11,34.5,4,14.84,8.4
1,SUP_11,4.1,5,30.31,0
2,SUP_11,7.2,4,45.09,5
3,SUP_11,13.4,1,24.38,0.9
4,SUP_11,15.8,6,33.54,3
5,SUP_11,15.7,6,33.96,2.5
6,SUP_11,8.7,11,28.38,3.2
7,SUP_11,12.9,1,26.59,2.3
8,SUP_11,12.5,6,35.9,1.7
9,SUP_11,18,2,29.05,1.4
10,SUP_11,3.2,9,28.66,2
11,SUP_11,6.3,5,30.61,3.6
12,SUP_11,9.1,9,32.51,1.4
13,SUP_11,10.9,7,32.84,2.8
14,SUP_11,13.5,0,32.68,1.9
15,SUP_11,4.2,7,29.66,0.7
16,SUP_11,17.6,4,21.92,2.9
17,SUP_11,9.2,5,27.61,2
18,SUP_11,6.6,10,26.67,4.2
19,SUP_11,7.2,9,28.52,2.7
20,SUP_11,14,6,26.94,2
21,SUP_11,4.3,9,39.01,2
22,SUP_11,5.6,7,29.27,2.2
23,SUP_11,10.6,8,35.19,1.7
24,SUP_11,5.9,6,35.64,2.3
25,SUP_11,11.5,8,33.63,2.1
26,SUP_11,6.1,4,32.04,2.7
27,SUP_11,1.1,5,33.37,2
28,SUP_11,9.1,0,31.58,1.9
29,SUP_11,2.6,7,27.74,2.3
30,SUP_11,12.8,0,33.58,0.8
31,SUP_11,7.8,3,30.33,1.8
32,SUP_11,12.7,9,34.55,3.2
33,SUP_11,10.7,7,26.37,1.8
34,SUP_11,8.6,6,33.31,0
35,SUP_11,15.1,3,32.71,2
36,SUP_11,11,2,35.41,1.2
37,SUP_11,10.1,7,23.36,3.5
38,SUP_11,0,5,23.19,1.5
39,SUP_11,7.5,6,28.27,2.5
40,SUP_11,0,3,34.47,0.5
41,SUP_11,5.3,8,34.1,3.1
42,SUP_11,10.2,5,30.97,1.2
43,SUP_11,8.3,6,35.32,1.7
44,SUP_11,4.1,4,33.26,1.6
45,SUP_11,8.9,5,27.48,1.9
46,SUP_11,13.2,9,26.41,1.3
47,SUP_11,7.4,5,30.61,1.7
48,SUP_11,11.7,4,22.35,1.9
49,SUP_11,9.3,5,30,1.4
50,SUP_11,5.7,5,24.32,0.6
51,SUP_11,10.6,0,24.69,0.4
52,SUP_11,7.6,1,34.04,3.1
53,SUP_11,15.9,7,21.81,0.4
54,SUP_11,8.6,0,30.96,1.8
55,SUP_11,5.3,7,34.04,1
56,SUP_11,13.3,9,35.84,4.1
57,SUP_11,13.4,3,34.01,2.8
58,SUP_11,2.8,5,29.64,1.1
59,SUP_11,13.4,7,28.54,1.1
60,SUP_11,6.9,0,29.33,2.7
1,SUP_12,8.6,5,35.5,2.2
2,SUP_12,7.6,6,32.97,0.4
3,SUP_12,9.6,5,35.46,1.2
4,SUP_12,11.3,6,34.36,3.7
5,SUP_12,8.9,5,34.58,1.5
6,SUP_12,11.2,5,36.16,0.5
7,SUP_12,9,6,33.74,1.2
8,SUP_12,10.7,6,36.8,0.7
9,SUP_12,10.8,3,34.42,2.5
10,SUP_12,12,6,34.61,2.1
11,SUP_12,10.8,5,35.18,3.8
12,SUP_12,10,6,34.6,2.4
13,SUP_12,10,6,35.85,2
14,SUP_12,10.3,2,32.77,1
15,SUP_12,9.4,4,34.35,1.1
16,SUP_12,10.4,5,34.98,0
17,SUP_12,8.1,5,35.86,0.7
18,SUP_12,9.2,4,35.41,2
19,SUP_12,8.3,5,33.89,1.6
20,SUP_12,8.4,4,35.47,2.2
21,SUP_12,9.9,5,34.77,1.8
22,SUP_12,8.8,4,35.11,1
23,SUP_12,9.4,7,36.87,1.2
24,SUP_12,9.7,4,35.35,1.7
25,SUP_12,9.9,6,36.93,1.2
26,SUP_12,11,3,34.96,3.9
27,SUP_12,10.4,6,35.7,0.7
28,SUP_12,10.4,4,36.99,0.5
29,SUP_12,11.4,4,36.61,2
30,SUP_12,8.9,5,33.97,2.5
31,SUP_12,9.9,6,35.37,0.6
32,SUP_12,10.6,5,35.06,1.6
33,SUP_12,10.2,5,35.75,2.4
34,SUP_12,10.5,5,33.29,0.6
35,SUP_12,11.4,6,35.22,2.8
36,SUP_12,10.6,3,34.89,2.6
37,SUP_12,11.6,4,34.4,2.9
38,SUP_12,9.2,6,36.03,2.5
39,SUP_12,8.8,5,35.08,2.7
40,SUP_12,11.2,7,34.32,2
41,SUP_12,10.3,7,33.96,2.3
42,SUP_12,10.2,3,36.25,2.4
43,SUP_12,9.8,3,35.57,1.7
44,SUP_12,8,5,35.35,0.9
45,SUP_12,8.4,4,36.62,1.7
46,SUP_12,9.7,5,32.77,3.6
47,SUP_12,10.5,4,34.03,2.3
48,SUP_12,10.8,7,36.18,3.5
49,SUP_12,9.9,5,35.08,0.2
50,SUP_12,10,6,34.23,1.8
51,SUP_12,8.6,5,33.64,4
52,SUP_12,9.9,4,34.14,1
53,SUP_12,8.3,5,34.39,1.3
54,SUP_12,9,5,34.58,2.1
55,SUP_12,9.8,6,35.58,1.8
56,SUP_12,9.3,6,36.73,2.8
57,SUP_12,9.2,4,34.01,0.4
58,SUP_12,10.4,4,34.41,3.5
59,SUP_12,11.2,5,33.76,0.9
60,SUP_12,10.7,4,35.45,2.7
1,SUP_13,33.3,35,22.08,11.2
2,SUP_13,33.3,20,19.88,10.5
3,SUP_13,22.4,35,19.71,9
4,SUP_13,23.9,41,18.93,5
5,SUP_13,35,41,21.19,7.3
6,SUP_13,26.9,38,18.96,3.8
7,SUP_13,34.2,40,24.58,13.2
8,SUP_13,27.1,41,19.91,7.4
9,SUP_13,30.2,34,23.11,9.3
10,SUP_13,32.2,40,22.03,5
11,SUP_13,38.7,39,22.24,8.9
12,SUP_13,33.7,36,18.46,9.7
13,SUP_13,34.9,30,20.11,10.7
14,SUP_13,26.7,34,16.81,9.3
15,SUP_13,37.2,32,15.22,3.2
16,SUP_13,26.1,42,19.91,5.5
17,SUP_13,34.7,32,24.22,5.2
18,SUP_13,25.3,30,21.99,11.8
19,SUP_13,25.7,42,20.83,8.8
20,SUP_13,31.5,33,19.54,6.5
21,SUP_13,30.6,33,21.89,10.2
22,SUP_13,31.2,33,18.75,13.5
23,SUP_13,32.1,28,18.49,11
24,SUP_13,32.5,30,23.94,15.4
25,SUP_13,28.5,34,21.45,14
26,SUP_13,33.3,38,22.04,10.8
27,SUP_13,24.6,33,18.34,8.9
28,SUP_13,28.2,42,20.43,4.4
29,SUP_13,32.1,34,19.69,14.3
30,SUP_13,31.7,44,23.32,6.1
31,SUP_13,33.6,29,20.93,9.2
32,SUP_13,28.5,37,16.71,6.1
33,SUP_13,33.9,42,20.25,7.3
34,SUP_13,29.8,40,20.18,3
35,SUP_13,31,29,15.92,8.4
36,SUP_13,39.6,29,17.08,4.7
37,SUP_13,31,34,17.9,7.1
38,SUP_13,31.2,35,22.69,13.9
39,SUP_13,31.9,29,20.58,6.4
40,SUP_13,32.8,37,23.59,12
41,SUP_13,29.3,37,20.47,14.2
42,SUP_13,38.7,37,18.89,15.1
43,SUP_13,35.5,35,17.57,8.3
44,SUP_13,34.4,32,18.76,8.4
45,SUP_13,32.8,43,21.46,10.9
46,SUP_13,28.8,38,16.52,13.7
47,SUP_13,39,23,18.49,7.2
48,SUP_13,29.4,36,18.78,6.1
49,SUP_13,30.2,38,20.5,10.5
50,SUP_13,24.6,35,18.68,10
51,SUP_13,28.8,38,19.15,9.3
52,SUP_13,36,31,18,12.8
53,SUP_13,19.6,33,21.14,6.1
54,SUP_13,25.8,38,18.67,6.5
55,SUP_13,34.1,33,18.99,10.7
56,SUP_13,40.6,36,19.33,12.2
57,SUP_13,33.6,36,19.89,4.3
58,SUP_13,30.1,42,17.41,8.2
59,SUP_13,24.4,35,20.82,9.3
60,SUP_13,26.1,36,20.79,3
1,SUP_14,26,27,20.65,2.5
2,SUP_14,36.6,36,22.52,1.7
3,SUP_14,24.9,35,19.55,2.6
4,SUP_14,25.5,39,22.77,0.7
5,SUP_14,34.4,40,22.99,3.3
6,SUP_14,31.1,27,21.07,0.7
7,SUP_14,31.3,33,19.97,4.1
8,SUP_14,30.2,34,17.88,1.6
9,SUP_14,33.6,31,15.63,2.5
10,SUP_14,39.2,37,21.21,3.5
11,SUP_14,17.9,30,20.97,4
12,SUP_14,35.9,38,23.4,2.7
13,SUP_14,29.2,40,20.36,1.3
14,SUP_14,28.7,40,20.32,1.1
15,SUP_14,28.1,25,20,2.5
16,SUP_14,39.4,33,17.71,1
17,SUP_14,34.6,42,22.37,2.1
18,SUP_14,23.9,31,16.98,2.6
19,SUP_14,34.7,30,20.79,3.1
20,SUP_14,27.7,41,21.68,2.6
21,SUP_14,33.2,49,22.06,2.7
22,SUP_14,31.7,40,17.68,1.3
23,SUP_14,26.9,31,23.06,1.3
24,SUP_14,30.4,39,21.28,1.6
25,SUP_14,35.4,43,20.32,1.5
26,SUP_14,30.2,27,21.74,1.1
27,SUP_14,29.5,35,18.51,3.1
28,SUP_14,28.4,41,18.29,3.8
29,SUP_14,26,36,23.48,1.8
30,SUP_14,24.7,34,16.41,1.9
31,SUP_14,34,37,23.8,0.6
32,SUP_14,29.9,35,21.82,2.7
33,SUP_14,33.3,33,17.74,1.3
34,SUP_14,24.4,35,20.88,2.5
35,SUP_14,36.4,42,24.03,2.6
36,SUP_14,31.2,32,18.97,0.8
37,SUP_14,26.1,29,17.64,3
38,SUP_14,18.9,35,19.11,3.1
39,SUP_14,29.4,32,19.71,0
40,SUP_14,19.4,36,23.42,3.9
41,SUP_14,26.3,33,22.86,2.1
42,SUP_14,30.5,40,20.31,1.2
43,SUP_14,22.1,40,19.82,0.7
44,SUP_14,32.5,38,19.87,0.9
45,SUP_14,34.9,31,19.87,2.7
46,SUP_14,26.7,36,24.22,2.3
47,SUP_14,35.5,42,19.56,0.8
48,SUP_14,19.8,32,18.44,2.5
49,SUP_14,27.5,44,24.46,1
50,SUP_14,33.3,46,21.9,1
51,SUP_14,36.1,33,19.9,2
52,SUP_14,28.5,33,20.44,0.3
53,SUP_14,22.8,33,22.05,1.7
54,SUP_14,29.4,36,20.5,0.8
55,SUP_14,28.7,35,17.37,1.4
56,SUP_14,25.1,35,20.11,1.7
57,SUP_14,40,33,21.18,1.4
58,SUP_14,27.5,34,18.48,0.9
59,SUP_14,30.9,35,17.73,3.2
60,SUP_14,36.4,32,20.39,2.6
1,SUP_15,12.8,39,19.85,2.6
2,SUP_15,11.7,27,18.85,2.9
3,SUP_15,5.7,34,12.85,3.3
4,SUP_15,11.1,36,24.35,0
5,SUP_15,14.2,40,22.38,1.6
6,SUP_15,19.5,42,15.01,1.4
7,SUP_15,14.4,39,19.57,2.2
8,SUP_15,16.1,28,23.57,3.4
9,SUP_15,13.9,40,19.05,3.5
10,SUP_15,10.9,39,20.99,1.8
11,SUP_15,3.7,37,14.59,0.1
12,SUP_15,0,38,8.66,2.5
13,SUP_15,5,32,11.5,2.4
14,SUP_15,7.6,28,19.66,2.5
15,SUP_15,12.6,43,25.66,1.9
16,SUP_15,5.7,36,18.96,1.7
17,SUP_15,0.5,37,26.52,3
18,SUP_15,3.7,45,17.54,2.3
19,SUP_15,6.7,29,16.71,1.9
20,SUP_15,7,37,16.48,1.4
21,SUP_15,4.7,41,19.71,1.9
22,SUP_15,11.3,37,24.64,4
23,SUP_15,9.2,26,26.38,2.5
24,SUP_15,10.7,32,25.06,3.1
25,SUP_15,4.6,35,19.89,0.5
26,SUP_15,14.3,43,19.82,1
27,SUP_15,3.5,31,28.85,1.1
28,SUP_15,15.5,41,27.22,1.5
29,SUP_15,4.1,27,23.17,1.6
30,SUP_15,11.7,35,22.44,3.1
31,SUP_15,1.6,37,21.44,3
32,SUP_15,6.4,32,18.55,0.8
33,SUP_15,6.6,33,21.18,1
34,SUP_15,6.6,43,18.73,1
35,SUP_15,10,26,21.82,3.5
36,SUP_15,12.6,32,22.82,0.5
37,SUP_15,19.7,38,17.92,0
38,SUP_15,9,32,9.24,2.8
39,SUP_15,10.9,38,19.96,1.7
40,SUP_15,4.5,31,20.8,0.9
41,SUP_15,8.4,34,17.85,4.7
42,SUP_15,6.9,35,22.94,1.7
43,SUP_15,1.3,40,18.95,2.2
44,SUP_15,3.3,33,21.62,4.3
45,SUP_15,12.9,23,24.99,1.8
46,SUP_15,13.3,42,21.1,0.6
47,SUP_15,13.8,28,25.37,0.9
48,SUP_15,14.6,30,21.71,2.8
49,SUP_15,4.5,30,29.36,1.1
50,SUP_15,8.4,29,18.77,2.9
51,SUP_15,10.6,37,24.03,3
52,SUP_15,9.9,37,16.19,1.6
53,SUP_15,8,31,9.87,1.9
54,SUP_15,7.2,35,29.27,2.5
55,SUP_15,12,44,16.52,2.2
56,SUP_15,16.1,45,21.44,5.2
57,SUP_15,3.4,39,17.95,3
58,SUP_15,13.4,33,21.86,1.5
59,SUP_15,5.7,36,17.92,2.2
60,SUP_15,20.7,37,15.14,1.9
1,SUP_16,33.3,1,22.33,10.7
2,SUP_16,30.2,3,19,7.2
3,SUP_16,33,5,15.9,6.4
4,SUP_16,32.9,6,22.58,13.3
5,SUP_16,33.6,5,19.78,18.9
6,SUP_16,26.5,4,25.25,8.2
7,SUP_16,30.3,0,22.53,10.4
8,SUP_16,32.5,5,27.65,11.8
9,SUP_16,29.9,3,13.84,7.8
10,SUP_16,25,3,17.69,4.7
11,SUP_16,33.2,8,18.12,9
12,SUP_16,39.5,7,23.47,10.7
13,SUP_16,25.7,1,23.03,3.9
14,SUP_16,36.5,1,16.56,13
15,SUP_16,31.1,4,19.44,13.3
16,SUP_16,34.8,5,17.17,4
17,SUP_16,26,6,17.35,6.6
18,SUP_16,26,4,19.72,8
19,SUP_16,33.5,4,20.63,7.1
20,SUP_16,27.9,6,14.06,5.5
21,SUP_16,24.3,4,13.48,5.4
22,SUP_16,32.7,6,21.73,7.6
23,SUP_16,29.5,1,24.75,10.2
24,SUP_16,28.5,6,24.03,8.2
25,SUP_16,41.7,4,19.22,8.1
26,SUP_16,29.2,1,17.84,7
27,SUP_16,25.1,3,12.86,7.6
28,SUP_16,38.8,2,15.18,6.3
29,SUP_16,34.1,2,12.02,10.4
30,SUP_16,28.2,11,20.92,7.3
31,SUP_16,27.2,12,16.92,8.1
32,SUP_16,30.5,1,17.3,10.3
33,SUP_16,32.5,7,17.61,10
34,SUP_16,29.9,5,20.88,6.4
35,SUP_16,19.2,8,16.58,10.8
36,SUP_16,30.7,7,20.78,9.5
37,SUP_16,33.5,11,30.17,9.9
38,SUP_16,26.1,5,22.57,8.7
39,SUP_16,32.4,5,25.63,11
40,SUP_16,27.1,1,18.88,8.5
41,SUP_16,27.5,9,26.8,12.1
42,SUP_16,32.2,8,24.02,13.7
43,SUP_16,31.2,6,26.26,8.9
44,SUP_16,24.6,1,25.06,8.5
45,SUP_16,36.4,7,21.97,4.8
46,SUP_16,33.5,5,21.26,4.9
47,SUP_16,27.6,2,17.46,6.3
48,SUP_16,28.7,2,23.6,14.7
49,SUP_16,29.5,6,14.98,9.8
50,SUP_16,31,0,24.24,10.1
51,SUP_16,25.1,7,23.88,8.8
52,SUP_16,27.1,9,21.2,13.5
53,SUP_16,26.3,5,19.9,9.4
54,SUP_16,24.9,5,23.98,7.5
55,SUP_16,32.7,1,21.43,4.2
56,SUP_16,23.2,3,17.59,9.1
57,SUP_16,33.9,0,20.88,9
58,SUP_16,28,8,22.8,10.9
59,SUP_16,32.6,5,22.92,9.2
60,SUP_16,32.9,7,15.13,5.3
1,SUP_16,11.9,9,24.45,2.1
2,SUP_16,18.1,7,28.9,2.4
3,SUP_16,4.6,5,35.01,1.1
4,SUP_16,14.4,7,30.49,2
5,SUP_16,4.1,3,23.57,1.9
6,SUP_16,7.5,6,38.6,2
7,SUP_16,3.1,10,29.7,1.4
8,SUP_16,9.3,1,22.86,1.2
9,SUP_16,6.6,3,28.69,2.4
10,SUP_16,6.6,3,30.35,1.2
11,SUP_16,7.1,0,25.86,0
12,SUP_16,15.3,9,25.72,0.4
13,SUP_16,11.9,6,17.17,1.8
14,SUP_16,12.7,6,29.85,2.1
15,SUP_16,9.6,7,38.3,2.6
16,SUP_16,8.5,4,33.19,1.1
17,SUP_16,16,0,30.08,2.4
18,SUP_16,12.5,1,24.48,0.5
19,SUP_16,13.3,3,23.02,1
20,SUP_16,12.4,2,34.86,1.8
21,SUP_16,7.1,3,38.9,2.9
22,SUP_16,7.4,1,24.87,0
23,SUP_16,10.6,5,27.89,1.9
24,SUP_16,8.3,3,29.8,2.3
25,SUP_16,11.7,8,24.61,2.1
26,SUP_16,8.9,8,34.16,1.6
27,SUP_16,5.6,2,37.03,2.3
28,SUP_16,10.1,0,33.36,2
29,SUP_16,12.5,4,30.78,1.7
30,SUP_16,9.3,5,29.51,0.1
31,SUP_16,4.8,10,33.16,3.4
32,SUP_16,4.1,10,38.4,1.1
33,SUP_16,9.6,4,29.23,2.7
34,SUP_16,11,1,29.36,1.5
35,SUP_16,3.4,11,26.31,0.9
36,SUP_16,14,8,35.4,1.6
37,SUP_16,11.6,6,30.74,1.5
38,SUP_16,3.7,3,31.47,2.8
39,SUP_16,3.9,4,36.69,1.7
40,SUP_16,10.2,1,29.56,0
41,SUP_16,6.7,4,40.83,2.1
42,SUP_16,0.5,7,20.52,1.9
43,SUP_16,7.8,0,25.2,3.9
44,SUP_16,9.8,7,19.98,2.8
45,SUP_16,17,9,30.78,1.8
46,SUP_16,12.9,10,29.42,2.7
47,SUP_16,0,0,37.64,2.2
48,SUP_16,9.5,5,26.13,2
49,SUP_16,6.2,7,36.45,1.2
50,SUP_16,5.5,5,25.97,3.1
51,SUP_16,10.7,0,28.46,0.6
52,SUP_16,17.9,8,33.14,2.2
53,SUP_16,9.1,10,30.7,2.9
54,SUP_16,9.1,7,24.82,4.3
55,SUP_16,10.6,1,22.66,2.4
56,SUP_16,16.3,6,27.55,3.3
57,SUP_16,5.2,3,20.6,1.1
58,SUP_16,13.3,1,28.42,3.8
59,SUP_16,15,1,32.31,2.4
60,SUP_16,6.6,5,29.4,2.4
1,SUP_17,9.9,4,34.67,2.2
2,SUP_17,10.9,5,36.51,1.8
3,SUP_17,11.6,4,34.61,2
4,SUP_17,8.7,5,35.68,1.2
5,SUP_17,12.1,6,34.58,1.8
6,SUP_17,11.1,5,35.84,2.9
7,SUP_17,9.4,6,34.87,2.1
8,SUP_17,9.9,4,34.82,2.6
9,SUP_17,10.3,7,33.58,1
10,SUP_17,11,4,37.57,3.5
11,SUP_17,11.7,5,36.21,2.3
12,SUP_17,12.2,6,35.15,1.6
13,SUP_17,10,5,35.23,0.9
14,SUP_17,10.9,4,36.47,2.3
15,SUP_17,8.1,4,34.94,0.7
16,SUP_17,10.3,5,34.6,2.3
17,SUP_17,10.8,6,36.34,2.7
18,SUP_17,8.5,5,34.18,3
19,SUP_17,8.9,4,33.84,1.9
20,SUP_17,9.8,5,35.02,1.4
21,SUP_17,10.1,5,34.77,0.8
22,SUP_17,10.8,5,34.21,2.7
23,SUP_17,10.7,3,35.72,1.2
24,SUP_17,10.6,3,35.2,2.3
25,SUP_17,10.5,6,34.52,1.8
26,SUP_17,9.1,4,38.31,3.8
27,SUP_17,8.8,5,34.71,2.2
28,SUP_17,10.4,5,36.3,0.2
29,SUP_17,9.6,5,35.2,0.5
30,SUP_17,8.9,5,35.16,3.4
31,SUP_17,10.7,6,36.32,1.1
32,SUP_17,8.5,6,34.89,0.7
33,SUP_17,10.9,5,35.94,0
34,SUP_17,11.1,4,35.19,1.9
35,SUP_17,8.8,5,35.52,1.5
36,SUP_17,11.1,4,34.68,3
37,SUP_17,9.4,5,34.92,1.5
38,SUP_17,9,4,36.18,1.9
39,SUP_17,8.5,5,33.42,0.9
40,SUP_17,9,6,35,3.6
41,SUP_17,10.1,7,34.78,1.7
42,SUP_17,9.7,5,35.2,0.1
43,SUP_17,10,6,35.23,1.1
44,SUP_17,8.4,4,34.57,1.7
45,SUP_17,9.7,3,35.98,3.9
46,SUP_17,10.8,5,36.13,0.2
47,SUP_17,9.5,5,35.42,2.4
48,SUP_17,11.6,5,34.97,1.5
49,SUP_17,9.6,4,37.21,1.9
50,SUP_17,10.7,5,32.01,2.8
51,SUP_17,8.5,6,35.29,2.2
52,SUP_17,12.8,4,34.02,2.2
53,SUP_17,11.1,6,34.95,1.9
54,SUP_17,8.2,5,35.85,2
55,SUP_17,8.1,4,35.5,1.9
56,SUP_17,8,6,35.44,2.3
57,SUP_17,10.7,5,33.85,1.1
58,SUP_17,11.4,5,35.54,0.3
59,SUP_17,10.1,6,34.81,2.4
60,SUP_17,9.5,3,35.82,2.4
1,SUP_18,36,34,19.68,14.3
2,SUP_18,33.6,38,18.77,7.6
3,SUP_18,25,30,22.26,12.3
4,SUP_18,32.8,38,22.41,12.6
5,SUP_18,29.5,36,21.58,11.4
6,SUP_18,27.9,35,19.93,7.9
7,SUP_18,23.5,40,22.69,10
8,SUP_18,31.2,40,19.65,6.1
9,SUP_18,26.7,38,17.08,10.2
10,SUP_18,28.3,41,19.72,13.5
11,SUP_18,35.2,37,19.95,9.8
12,SUP_18,25.7,32,20.25,3
13,SUP_18,41.3,30,21.34,7.1
14,SUP_18,27.4,31,20.37,7.5
15,SUP_18,29.2,30,19.94,7.5
16,SUP_18,25.9,38,17.64,4
17,SUP_18,24.7,29,20.94,3.8
18,SUP_18,37.8,43,25.36,9.9
19,SUP_18,21.4,32,18.45,13.8
20,SUP_18,33.2,36,20.26,8.1
21,SUP_18,35.5,20,18.95,10.8
22,SUP_18,27,34,18.45,8
23,SUP_18,30.9,34,19.37,11.6
24,SUP_18,28.9,36,21.55,9.3
25,SUP_18,33.7,40,17.23,16.5
26,SUP_18,25.2,36,22.96,12.3
27,SUP_18,23.8,36,18.84,7
28,SUP_18,29.8,26,23.98,9.9
29,SUP_18,24.9,42,18.42,15.3
30,SUP_18,39.9,39,19.81,7.2
31,SUP_18,33.9,22,24.29,12.4
32,SUP_18,28.5,33,18.9,15.9
33,SUP_18,28.5,35,26.49,7.1
34,SUP_18,30.2,31,20.38,6.9
35,SUP_18,28.8,40,21.89,3.6
36,SUP_18,20.2,32,21.6,9.3
37,SUP_18,37.1,30,20.51,6.2
38,SUP_18,28.4,34,21.66,9.6
39,SUP_18,34.2,36,18.79,6.4
40,SUP_18,29,28,19.79,7
41,SUP_18,29.3,33,22.21,13.9
42,SUP_18,27.2,35,15.32,10.3
43,SUP_18,31.5,38,19.86,8.8
44,SUP_18,39.6,31,21.66,11.4
45,SUP_18,27.1,39,18.68,12.9
46,SUP_18,22,32,21.53,9.6
47,SUP_18,25.9,36,17.82,11.3
48,SUP_18,23.4,42,19.66,13.8
49,SUP_18,22.7,44,21.17,3.7
50,SUP_18,29.3,22,26.47,6.9
51,SUP_18,32.1,33,20.19,13.2
52,SUP_18,35.3,31,20.95,7.2
53,SUP_18,38,32,22.25,8.4
54,SUP_18,29.5,41,21.27,8.7
55,SUP_18,22.9,34,25.31,4.2
56,SUP_18,31.8,29,20.19,7.3
57,SUP_18,26.8,37,23.18,15
58,SUP_18,31.6,34,18.74,10.5
59,SUP_18,38,29,21.35,9.6
60,SUP_18,31.6,35,21.68,14.5
1,SUP_19,36.5,35,22.88,4
2,SUP_19,35.9,32,19.01,2.1
3,SUP_19,20.8,31,19.13,1.7
4,SUP_19,37.1,30,18.39,1.7
5,SUP_19,31.7,36,19.11,2.3
6,SUP_19,22.4,38,19.35,2.9
7,SUP_19,26.9,37,16.64,2.1
8,SUP_19,27.3,39,19.64,0.1
9,SUP_19,38,31,21.03,1.7
10,SUP_19,33.5,29,19.92,1.4
11,SUP_19,28.7,35,20.59,2.6
12,SUP_19,26.8,31,19.59,2.1
13,SUP_19,35.6,34,20.3,2.1
14,SUP_19,23.8,35,19.3,1.5
15,SUP_19,22.6,40,21.61,3
16,SUP_19,26.5,41,16.88,2.8
17,SUP_19,40.5,33,23,1.7
18,SUP_19,30.6,35,19.37,1.2
19,SUP_19,31.2,36,18.68,1
20,SUP_19,30.3,33,17.14,1.5
21,SUP_19,35.2,39,23.17,0.8
22,SUP_19,23.7,31,23.97,1.9
23,SUP_19,36.4,33,21.02,2.5
24,SUP_19,36.6,34,18.09,0
25,SUP_19,27.8,39,18.25,3.6
26,SUP_19,28.3,40,19.14,2
27,SUP_19,37.6,32,18.12,1.3
28,SUP_19,25.8,34,19.52,2.1
29,SUP_19,36.8,40,19.67,1.9
30,SUP_19,31,39,17.92,2.4
31,SUP_19,26.3,32,23.15,1.6
32,SUP_19,30.1,35,21.11,2.3
33,SUP_19,34.6,35,19.32,2.3
34,SUP_19,31.6,38,20.71,1.4
35,SUP_19,27.3,24,20.8,3.1
36,SUP_19,31.5,32,20.84,2.5
37,SUP_19,26.8,24,20.27,4
38,SUP_19,36.5,33,19.66,2.6
39,SUP_19,36.6,34,19.96,0.8
40,SUP_19,28.1,29,21.93,4
41,SUP_19,24.2,40,18.92,2.3
42,SUP_19,30.2,28,21.37,3.8
43,SUP_19,33.3,30,22.66,1.1
44,SUP_19,21.3,29,21.2,2.8
45,SUP_19,27.8,28,22.03,3.1
46,SUP_19,29.6,30,23.03,0.2
47,SUP_19,33.3,27,17.93,1.7
48,SUP_19,28,38,21.65,2.5
49,SUP_19,34,44,18.97,2.3
50,SUP_19,30.4,31,19.02,2.7
51,SUP_19,35.4,34,21.74,0
52,SUP_19,29.9,43,19.07,2.4
53,SUP_19,26.5,26,17.39,1.9
54,SUP_19,27.6,29,22.12,1
55,SUP_19,31.4,35,21.41,0
56,SUP_19,25.1,33,23.7,2.8
57,SUP_19,29.6,41,19.74,0
58,SUP_19,31,33,19.81,1.2
59,SUP_19,26.9,40,21.75,2.4
60,SUP_19,34.6,43,20.88,2.1
1,SUP_20,5,32,19.58,0
2,SUP_20,4.9,34,28.13,2.8
3,SUP_20,9.2,39,17.84,1.1
4,SUP_20,0,42,22.91,2.7
5,SUP_20,9.5,38,10.16,2.3
6,SUP_20,16.4,35,18.85,3
7,SUP_20,15,41,23.56,1.7
8,SUP_20,9.9,45,11.57,1.6
9,SUP_20,11.1,39,15.78,2.7
10,SUP_20,5.6,36,24.56,1.2
11,SUP_20,8.4,40,20.32,2.1
12,SUP_20,16,27,26.78,2
13,SUP_20,10.3,37,17.67,2.2
14,SUP_20,11.4,42,30.53,1.9
15,SUP_20,15.8,32,14.83,0.9
16,SUP_20,18,38,16.29,0.8
17,SUP_20,4.9,34,16.21,0
18,SUP_20,12.1,43,12.79,2.1
19,SUP_20,16.1,42,27.34,1.2
20,SUP_20,12,45,28.51,2.9
21,SUP_20,5.2,37,24.96,0.1
22,SUP_20,20.7,29,18.85,3.4
23,SUP_20,4.3,43,27.1,2.6
24,SUP_20,18.1,35,16.15,0.9
25,SUP_20,13.7,45,17.35,1.5
26,SUP_20,22,33,21.03,1.6
27,SUP_20,12.3,34,16.6,1.3
28,SUP_20,9.9,36,17.73,2.6
29,SUP_20,5.1,41,12.19,4
30,SUP_20,14.7,38,21.35,0
31,SUP_20,15.2,40,14.38,2.2
32,SUP_20,2.1,40,25.67,1.4
33,SUP_20,11.4,36,12.07,2.1
34,SUP_20,11.8,40,13.01,3.4
35,SUP_20,10.7,41,19.57,0.4
36,SUP_20,5.5,39,21.95,2.2
37,SUP_20,16.3,36,5,2.6
38,SUP_20,13.7,42,21.34,2.9
39,SUP_20,7.4,34,13,2.5
40,SUP_20,12.2,34,26.14,2.2
41,SUP_20,3.6,37,18.28,2.8
42,SUP_20,1.8,40,18.75,1.7
43,SUP_20,7.9,40,18.02,3.2
44,SUP_20,11.2,40,16.98,2
45,SUP_20,5,31,20.76,2.3
46,SUP_20,7.8,37,23.7,2.6
47,SUP_20,10.1,44,14.06,1.2
48,SUP_20,13.9,45,19.31,3.6
49,SUP_20,10.8,42,17.7,3.1
50,SUP_20,0.8,33,17.05,2.5
51,SUP_20,12.3,35,17.77,0.8
52,SUP_20,21,32,20.77,1.8
53,SUP_20,6.4,40,16.81,3
54,SUP_20,3.7,20,33.62,1.1
55,SUP_20,15.5,36,25.53,3.6
56,SUP_20,12.1,44,17.69,2.7
57,SUP_20,4,32,20.17,3.1
58,SUP_20,17.1,35,26.72,3.7
59,SUP_20,13.5,36,23.36,2.1
60,SUP_20,12.9,32,19.52,0.5
1,SUP_21,30.6,4,16.2,5.4
2,SUP_21,30.5,4,26.76,9.4
3,SUP_21,38.9,4,16.03,9.9
4,SUP_21,26.3,8,20.01,8.8
5,SUP_21,25.6,7,20.81,14.6
6,SUP_21,26.2,4,16.24,11.9
7,SUP_21,30.4,6,21.57,6.5
8,SUP_21,41.5,5,18.71,8.4
9,SUP_21,32.6,8,6.36,11.5
10,SUP_21,30.2,7,14.17,11.1
11,SUP_21,31.3,5,21.22,11.3
12,SUP_21,28.9,7,11.79,9.1
13,SUP_21,30.7,2,16.24,5.9
14,SUP_21,30.3,0,19.48,9.7
15,SUP_21,26.1,6,17.02,11.2
16,SUP_21,27.7,2,17.79,11.6
17,SUP_21,36.9,6,15.71,7
18,SUP_21,24.4,3,29.68,9.3
19,SUP_21,37.6,9,18.12,8.1
20,SUP_21,32.5,5,20.59,6.4
21,SUP_21,30.3,0,22.52,12.4
22,SUP_21,30.4,1,16.14,11.9
23,SUP_21,24.8,0,15.02,12.8
24,SUP_21,29.5,6,9.29,11.7
25,SUP_21,32.3,5,21.72,10.9
26,SUP_21,33.5,1,20.87,9.4
27,SUP_21,24.8,7,18.94,9.6
28,SUP_21,33.7,9,20.4,13
29,SUP_21,29.1,6,18.56,8.3
30,SUP_21,32.3,5,22.71,8.5
31,SUP_21,30.4,3,12.67,11.3
32,SUP_21,33.5,1,22.7,8
33,SUP_21,32.8,8,17.85,5
34,SUP_21,31,3,14.92,11.9
35,SUP_21,30.3,2,22.01,11.2
36,SUP_21,39.4,7,16.66,9.5
37,SUP_21,33.4,5,14.39,6.6
38,SUP_21,27.3,1,15.17,9.7
39,SUP_21,33.5,5,23.26,10.4
40,SUP_21,21.8,7,26.26,4.8
41,SUP_21,30.2,1,22.67,4.3
42,SUP_21,24.5,8,18.54,10
43,SUP_21,26.7,6,32.16,10.7
44,SUP_21,36.6,5,23.52,5.8
45,SUP_21,29,2,19.11,14.4
46,SUP_21,34.7,7,30.77,10.3
47,SUP_21,24.9,8,23.44,7.2
48,SUP_21,33.2,7,15.99,11.4
49,SUP_21,28.4,6,14,11
50,SUP_21,30.5,1,19.48,7.8
51,SUP_21,23.4,3,15.97,10.8
52,SUP_21,29.2,10,26.33,13.3
53,SUP_21,43.2,7,17.36,11
54,SUP_21,27.3,5,28.28,9.3
55,SUP_21,30.7,9,12.72,10.2
56,SUP_21,24.8,5,16.48,8.4
57,SUP_21,27.7,8,24.18,4.9
58,SUP_21,32.8,3,18.76,7.7
59,SUP_21,27.8,0,31.47,3.7
60,SUP_21,23.7,5,13.28,8.2
1,SUP_21,10.9,9,27.92,2.3
2,SUP_21,5.5,5,34.38,2.3
3,SUP_21,14.3,5,31.76,3.4
4,SUP_21,5.8,9,28.97,3.8
5,SUP_21,10.7,10,37.71,2.8
6,SUP_21,9.8,5,30.73,3.3
7,SUP_21,18.4,5,24.78,3.6
8,SUP_21,1.4,3,32.41,3.1
9,SUP_21,2.5,4,26.94,2.2
10,SUP_21,12.2,7,37.27,2.6
11,SUP_21,14.6,3,26.48,1.7
12,SUP_21,13.9,7,36.69,2.9
13,SUP_21,13.6,8,29.06,1.2
14,SUP_21,5.1,8,29.24,1.1
15,SUP_21,13.4,4,26.55,0.7
16,SUP_21,9.4,6,31.79,3.6
17,SUP_21,10,6,31.95,3.4
18,SUP_21,14.9,6,24.4,1.6
19,SUP_21,17.5,9,31.76,0
20,SUP_21,4,8,30.18,1.8
21,SUP_21,23.6,4,37.87,2.7
22,SUP_21,12.5,7,36.43,2.2
23,SUP_21,0,1,30.47,2.8
24,SUP_21,3.7,5,31,3.8
25,SUP_21,8.4,7,31.99,1.6
26,SUP_21,16.8,8,19.52,1.5
27,SUP_21,17,3,41.01,2.6
28,SUP_21,13.3,5,37.05,2.8
29,SUP_21,9.3,3,28.74,0
30,SUP_21,6.2,0,26.77,0.5
31,SUP_21,13.4,1,31.37,1.3
32,SUP_21,8.2,2,28.49,1.8
33,SUP_21,10.8,5,26.1,2.7
34,SUP_21,7.1,5,26.61,1.6
35,SUP_21,13.2,3,31.05,3.7
36,SUP_21,7.4,8,30.95,0.5
37,SUP_21,18.3,10,38.36,3.1
38,SUP_21,16.2,3,33.3,2.6
39,SUP_21,12.3,7,22.4,0.6
40,SUP_21,6.3,6,25.27,3.4
41,SUP_21,12.5,2,24.2,1.9
42,SUP_21,12.5,4,35.22,2.3
43,SUP_21,16.7,5,30.15,2.3
44,SUP_21,10.6,4,33.45,1.2
45,SUP_21,18.5,6,29.28,2.2
46,SUP_21,12,8,27.28,1.1
47,SUP_21,7.3,4,31.15,1
48,SUP_21,3.5,4,27.3,0
49,SUP_21,17.6,7,31.05,2.1
50,SUP_21,10.1,3,18.95,3.4
51,SUP_21,17.9,10,28.24,3.1
52,SUP_21,12.6,5,28.73,0.4
53,SUP_21,15,6,33.24,3.1
54,SUP_21,15.6,7,39.06,1.9
55,SUP_21,7.9,5,26.97,0.7
56,SUP_21,6,8,30.37,1.3
57,SUP_21,9.9,4,25.01,2.3
58,SUP_21,14.3,3,34.44,1.6
59,SUP_21,11.5,5,28.37,2.3
60,SUP_21,6.3,7,27.39,1.2
1,SUP_22,8.1,5,33.69,4.1
2,SUP_22,10,4,35.06,2.5
3,SUP_22,8.9,6,34.93,2.6
4,SUP_22,11.2,4,34.22,2.4
5,SUP_22,8.7,5,35.3,3.6
6,SUP_22,10.2,3,33.83,1.1
7,SUP_22,9.7,4,35.48,1.7
8,SUP_22,10,5,37.28,0.7
9,SUP_22,10.5,5,37.41,2.4
10,SUP_22,8.4,6,34.83,2.2
11,SUP_22,11.1,5,33.32,2.9
12,SUP_22,10.2,4,34.07,2.7
13,SUP_22,11,6,36.11,1.7
14,SUP_22,8.1,4,34.83,2.5
15,SUP_22,10.6,4,34.65,1.1
16,SUP_22,8.8,4,36.5,2.6
17,SUP_22,9.8,6,34.95,2.5
18,SUP_22,10.6,5,35.1,3.3
19,SUP_22,9.9,7,34.63,0
20,SUP_22,10.2,5,34.82,1
21,SUP_22,9.4,4,36.26,2.3
22,SUP_22,10.5,4,34.37,2.4
23,SUP_22,10.1,4,35.56,2.1
24,SUP_22,9.5,7,34.18,2.6
25,SUP_22,9.8,6,34.37,2.2
26,SUP_22,10.3,4,36.36,2.2
27,SUP_22,9.7,4,34.27,0.8
28,SUP_22,10.9,5,35.96,1.6
29,SUP_22,9.9,5,36.17,2.2
30,SUP_22,11.5,5,34.59,1.8
31,SUP_22,9.1,5,35.53,2.9
32,SUP_22,11.9,6,37.02,1.9
33,SUP_22,10.4,5,36.51,0.9
34,SUP_22,8.6,3,35.84,1.2
35,SUP_22,10.1,4,34.35,2.1
36,SUP_22,10.2,6,34.04,2.6
37,SUP_22,8.5,5,33.63,2.7
38,SUP_22,11.4,6,35.49,4.4
39,SUP_22,9.3,4,35.05,1.7
40,SUP_22,12.2,4,35.35,0.7
41,SUP_22,9.9,5,36.45,3.1
42,SUP_22,10,3,36.66,3.6
43,SUP_22,10.1,3,34.11,4.5
44,SUP_22,10.6,5,35.98,2.5
45,SUP_22,9.9,4,35.03,3.1
46,SUP_22,7.7,4,34.24,1.5
47,SUP_22,9.5,8,33.93,1.1
48,SUP_22,10.5,3,35.03,1.2
49,SUP_22,10.6,5,34.76,0.7
50,SUP_22,10.3,4,34.23,4.9
51,SUP_22,9.2,5,35.26,3
52,SUP_22,9.6,4,33.03,1.3
53,SUP_22,9.8,3,34.98,1.5
54,SUP_22,9.3,2,34.9,3.3
55,SUP_22,11.6,6,35.9,1.9
56,SUP_22,9.6,6,35.13,1.8
57,SUP_22,8.5,5,33.7,3.3
58,SUP_22,11.4,3,35.63,2.5
59,SUP_22,10.4,5,33.41,2.2
60,SUP_22,9.5,4,32.92,0.2
1,SUP_23,23.4,37,21.16,7.8
2,SUP_23,23.9,30,19.43,9.2
3,SUP_23,33.1,40,20.58,1.7
4,SUP_23,41.6,32,18.37,6.2
5,SUP_23,29.6,33,18.13,8.6
6,SUP_23,31,39,20.17,11.1
7,SUP_23,31.6,39,25.43,11.3
8,SUP_23,29.3,46,22.19,9.2
9,SUP_23,26.1,31,19.44,7.8
10,SUP_23,27.5,33,18.96,6
11,SUP_23,34.4,33,18.53,13
12,SUP_23,22.6,29,17.95,8.8
13,SUP_23,28.8,32,21.01,8.9
14,SUP_23,25.9,36,22.52,8.1
15,SUP_23,29.2,33,19.08,15.1
16,SUP_23,33.2,34,20.71,6.8
17,SUP_23,31.7,35,21.83,6.1
18,SUP_23,30.7,32,18.38,10.3
19,SUP_23,29.7,32,19.89,15.7
20,SUP_23,21.7,34,16.71,12.8
21,SUP_23,16.9,43,20.69,0.6
22,SUP_23,28.1,38,18.05,6.6
23,SUP_23,25,43,20.92,5.5
24,SUP_23,36.9,34,17.04,9.4
25,SUP_23,36.9,37,20.1,5.4
26,SUP_23,39.4,36,18.41,7
27,SUP_23,29.2,34,21.57,9
28,SUP_23,32.8,29,18.74,5.8
29,SUP_23,27.5,34,19.03,7.6
30,SUP_23,31.5,25,14.94,4.1
31,SUP_23,14,26,21.14,7.7
32,SUP_23,30.3,27,16.42,10.6
33,SUP_23,32.6,33,20.6,4.2
34,SUP_23,23.7,39,19.93,12.1
35,SUP_23,27.7,45,17.82,5.2
36,SUP_23,35.3,38,20.99,12.1
37,SUP_23,36.9,33,19.48,8
38,SUP_23,35.6,33,20.78,5.7
39,SUP_23,28.5,32,20.53,15.3
40,SUP_23,34.9,35,19.48,8.6
41,SUP_23,21.9,29,20.97,14.6
42,SUP_23,26.5,36,14.7,7.9
43,SUP_23,29.5,31,19.79,8.5
44,SUP_23,28.6,30,20.12,9.6
45,SUP_23,38.6,38,20.29,13.8
46,SUP_23,30.2,33,19.6,11.4
47,SUP_23,25.7,40,19.61,7
48,SUP_23,37.7,38,19.3,5.4
49,SUP_23,34.4,23,18.93,9.2
50,SUP_23,21.6,44,20.83,9.2
51,SUP_23,32.5,42,20.94,13.3
52,SUP_23,35.8,41,24.45,5.1
53,SUP_23,28.4,29,19.76,8.9
54,SUP_23,27.2,31,21.16,4.2
55,SUP_23,38.2,28,16.63,7.4
56,SUP_23,37.7,34,21.05,8.8
57,SUP_23,30.9,46,16.28,9.7
58,SUP_23,29.1,37,20.26,10.8
59,SUP_23,27.2,34,21.02,8.8
60,SUP_23,33.3,25,22.57,6.7
1,SUP_24,27.6,33,15.21,2.3
2,SUP_24,28.7,26,23.05,3.9
3,SUP_24,31.6,32,20.46,1.1
4,SUP_24,35.3,38,19.06,2.6
5,SUP_24,31.5,33,21.51,1.7
6,SUP_24,35.3,28,17.37,1.7
7,SUP_24,29,43,21.15,1.6
8,SUP_24,27.9,39,18.9,3.8
9,SUP_24,37.2,36,20.16,0.9
10,SUP_24,28.6,31,20.4,1.3
11,SUP_24,30.6,39,21.84,3.4
12,SUP_24,25,45,20.56,3.5
13,SUP_24,32.9,33,20.01,3
14,SUP_24,22.7,26,18.82,0.7
15,SUP_24,29.9,38,20.82,2.2
16,SUP_24,44.9,34,18.24,0.6
17,SUP_24,23.1,36,20.95,1
18,SUP_24,40.1,38,20.43,1.5
19,SUP_24,36,34,21.74,2.6
20,SUP_24,30.2,34,20.91,3.9
21,SUP_24,29.9,35,18.55,2.2
22,SUP_24,29.8,37,19.59,0
23,SUP_24,29.9,42,20.29,2.2
24,SUP_24,36.9,24,19.7,2.1
25,SUP_24,16.6,35,16.85,2
26,SUP_24,38.2,34,20.6,3.2
27,SUP_24,23.4,33,20.53,3.4
28,SUP_24,36.1,30,19.56,4.4
29,SUP_24,26.4,37,19.19,1.6
30,SUP_24,30.1,34,20.43,2.8
31,SUP_24,36.6,31,23.5,1.7
32,SUP_24,24,31,22.68,1.2
33,SUP_24,27.2,39,20,1.1
34,SUP_24,19.7,39,19.19,2.8
35,SUP_24,23.5,38,20.9,2.7
36,SUP_24,27.6,31,17.91,2.1
37,SUP_24,23.1,31,18.56,1
38,SUP_24,32.4,37,17.61,1.7
39,SUP_24,30.7,27,20.93,1.5
40,SUP_24,25.7,44,16.11,3
41,SUP_24,33.5,38,17.48,0.8
42,SUP_24,22.2,33,20.76,3.5
43,SUP_24,27.8,33,22.15,3.6
44,SUP_24,34.3,27,24.59,2.6
45,SUP_24,27.3,40,19.43,1.9
46,SUP_24,26.9,38,18.37,2
47,SUP_24,27.6,31,20.51,1.2
48,SUP_24,27.3,39,21.28,3.2
49,SUP_24,33.8,36,20.14,3.2
50,SUP_24,41.4,41,19.52,2.2
51,SUP_24,32.7,36,19.78,0.7
52,SUP_24,18.5,29,22.37,2.4
53,SUP_24,23.6,37,23.24,0.9
54,SUP_24,39.5,28,18.43,3.4
55,SUP_24,28.1,41,22.93,2.7
56,SUP_24,35.2,31,21.31,3.9
57,SUP_24,31.4,31,19.8,1.5
58,SUP_24,28.4,30,21.77,2.9
59,SUP_24,30.2,33,19.14,1.5
60,SUP_24,26.2,36,19.29,4.2
1,SUP_25,10.2,29,19.83,2.2
2,SUP_25,17.4,31,13.61,3.5
3,SUP_25,11.2,40,22.29,1.4
4,SUP_25,10,39,25.34,0
5,SUP_25,11.5,34,16.09,2.2
6,SUP_25,11.4,36,25.76,1.1
7,SUP_25,6.5,32,22.23,2.8
8,SUP_25,3.6,32,23.33,2
9,SUP_25,11.3,34,23.22,2.9
10,SUP_25,14.5,36,12.01,2.8
11,SUP_25,7.8,38,17.93,3.7
12,SUP_25,11.3,33,5.83,0.8
13,SUP_25,17.7,27,29.64,2.2
14,SUP_25,10.1,36,22.52,2.8
15,SUP_25,8.9,31,26.75,2.1
16,SUP_25,8.5,30,28.97,1.7
17,SUP_25,8.6,46,17.95,0.2
18,SUP_25,7.8,27,25.47,1
19,SUP_25,12.1,30,20.97,1.4
20,SUP_25,12,39,19.53,1.9
21,SUP_25,7.7,37,7.36,2.6
22,SUP_25,11.3,26,28.95,0.7
23,SUP_25,8.5,34,20.47,1.7
24,SUP_25,6.6,33,28.22,2.4
25,SUP_25,11,37,11.31,2
26,SUP_25,15.9,28,22.03,1.3
27,SUP_25,6.3,47,20.86,0
28,SUP_25,7.3,36,16.57,2.1
29,SUP_25,2.4,45,30.04,1.5
30,SUP_25,16.3,34,17.46,0.5
31,SUP_25,2.5,42,19.09,1.2
32,SUP_25,4.8,37,21,2.5
33,SUP_25,15,35,24.42,0
34,SUP_25,12.4,38,20.75,2.6
35,SUP_25,13.7,45,22.08,3.2
36,SUP_25,14.1,36,23.07,3
37,SUP_25,7.3,36,13.3,2.3
38,SUP_25,5.3,37,10.39,2.4
39,SUP_25,8.4,31,23.44,2.5
40,SUP_25,14.4,35,18.57,1.7
41,SUP_25,16.5,32,16.97,2.3
42,SUP_25,12.3,34,12.83,0
43,SUP_25,9.3,34,20.77,4
44,SUP_25,14,35,22.4,3.2
45,SUP_25,12.3,43,14.61,2.2
46,SUP_25,7.3,27,26.74,3.1
47,SUP_25,9.6,31,16.83,1.2
48,SUP_25,2.8,39,21.59,2.2
49,SUP_25,14,38,23.34,1.6
50,SUP_25,16.2,27,20.12,2.3
51,SUP_25,14.3,41,13.88,1.1
52,SUP_25,9.8,36,13.75,2.1
53,SUP_25,9.5,39,26.39,2.1
54,SUP_25,12.1,33,4.85,1.3
55,SUP_25,11.3,26,24.54,2.4
56,SUP_25,3.1,42,24.7,1
57,SUP_25,16.9,43,22.33,2.4
58,SUP_25,14.9,37,24.61,2.4
59,SUP_25,4.2,37,19.51,1.4
60,SUP_25,15.1,32,18.67,1.8
1,SUP_26,34.6,2,24.79,13.3
2,SUP_26,28.6,4,25.13,8.1
3,SUP_26,37.3,5,9.55,7.3
4,SUP_26,27,7,25.38,7.7
5,SUP_26,40.4,1,27.37,10
6,SUP_26,36.2,0,20.03,7.6
7,SUP_26,23.4,0,26.03,10.8
8,SUP_26,30.8,0,24.68,11.4
9,SUP_26,24.6,7,21.54,12.1
10,SUP_26,23,0,18.31,7
11,SUP_26,29.8,0,18.39,9.5
12,SUP_26,29.2,3,18.42,4.8
13,SUP_26,29.3,11,21.75,10
14,SUP_26,29.3,4,24.15,10.3
15,SUP_26,25.7,5,17.44,12.9
16,SUP_26,29.4,7,28.78,3.5
17,SUP_26,34,3,16.8,9.1
18,SUP_26,32.1,6,29.2,8.6
19,SUP_26,29.1,1,21,17.8
20,SUP_26,26.8,9,23.07,8.9
21,SUP_26,28.7,0,9.63,8.4
22,SUP_26,32.9,11,22.99,10.7
23,SUP_26,33.7,7,23.34,10.3
24,SUP_26,36.9,3,23.52,9.2
25,SUP_26,31.9,3,16.25,5.7
26,SUP_26,29.1,8,22.84,7.6
27,SUP_26,24.9,4,24.03,6.8
28,SUP_26,32.6,0,15.99,8.3
29,SUP_26,33.1,6,13.51,8
30,SUP_26,17.2,0,22.05,14.7
31,SUP_26,33.1,7,20.38,10.6
32,SUP_26,34,5,17.61,9.3
33,SUP_26,28.7,0,16.48,8.2
34,SUP_26,33.5,0,18.35,11.6
35,SUP_26,35.5,4,18.75,7.2
36,SUP_26,31.2,4,33.34,10.4
37,SUP_26,25.3,3,13.58,5.3
38,SUP_26,27.9,3,22.19,10.5
39,SUP_26,18.5,12,22,8.8
40,SUP_26,25,1,21.53,8.3
41,SUP_26,31.8,3,30.78,8.6
42,SUP_26,29,2,24.37,10.2
43,SUP_26,37,5,20.36,2
44,SUP_26,28.9,2,15.1,7.6
45,SUP_26,19.5,6,17.41,11.1
46,SUP_26,25.4,4,16.28,12
47,SUP_26,20.8,2,13.43,6.3
48,SUP_26,28.4,2,21.18,10.6
49,SUP_26,34.2,0,18.34,9.7
50,SUP_26,24.5,3,17.82,6.6
51,SUP_26,25.9,3,21.67,7.5
52,SUP_26,30.2,3,23.12,5.1
53,SUP_26,27,7,19.96,13.6
54,SUP_26,29.7,7,14.13,2.8
55,SUP_26,34.8,8,12.38,5.8
56,SUP_26,24.5,8,14.38,7.5
57,SUP_26,29.9,3,23.79,14.5
58,SUP_26,27.9,3,23.96,7.6
59,SUP_26,22.8,2,18.69,12.5
60,SUP_26,28.3,0,19.02,6.5
